Sl_No,Restaurant,Address,Detected_Cuisines,Total_SKU_Score
1144,NOODLE BOWL_x000D_,"NF45 Foods Street,, No 133, Poonamallee High Rd,, Vellapanchavadi, Chennai 600 077., Mob: 9500087696","Pan_Asian, Health_Organic",4.45
565,Greenpark Hotels And Resorts Limted,"Arcot Road, Vadapalani, Chennai 600 026, Tel No.044 66515151 ,66783637","Health_Organic, Hotel_Star",4.25
98,Asiana Hotels,"1 238 Semmanchery, Old Mahabalipuram Road, Chennai 600 119","Pan_Asian, Hotel_Star",4.1
196,Cafe De Bangkok Chennai,"No. 18, Thevar Road, Nandanam,, Chennai-600035, Mob-73053 50248","Thai, Cafe_Bakery",3.9
1121,New Seoul Hotels,"No.406, 3rd Floor,, TTK Road,, Alwarpet,Chennai-600018, 98400 28700","Korean, Hotel_Star",3.75
2160,Wok Monk Restaurant,"2nd Floor, Ravilla tower,, No: W117,Third Avenue,, Anna nagar,Chennai- 40, Mob-97911 80902","Chinese, Fine_Dining, Pan_Asian",3.45
1228,Oriental Hotels Ltd,"(Taj Coromandel), No 37 Mahathma Gandhi Road, Chennai 600 034","Chinese, Hotel_Star",3.4
833,MALABAR HOTELS PRIVATE LIMITED,"1/238, Old Mahabalipuram Road,, Semmencherry, Chennai – 600119, Phone: 91 044 61377700_x000D_
, Mobile No.9360135219","Fine_Dining, Hotel_Star",3.3
1204,OMR HOTELS,"Crescent Restaurant, 1 Cholamannan Street,, Taramani Link Road,, Taramani, Chennai 600 113, Mob: 99625 65656",Hotel_Star,3.3
1179,Oberoi Flight Services,"( EIH Limited), Pallavaram, Chennai 600 044",Hotel_Star,3.3
1098,Narangs International Hotels Pvt Ltd,"(Ambassador Pallava), No 30 Montieth Road, Chennai 600 008, Mob No. 7397750078",Hotel_Star,3.3
920,Moksha Medical and Hotel Needs,"No.1, Vinayaga Maistry Street,, Sowcarpet,Chennai-600079, Mob  94444 60596",Hotel_Star,3.3
890,MFAR Hotels & Resorts Pvt Ltd,"(The Westin Chennai), 154 Velachery Main Road, Velachery, Chennai 600 042, PH 044 6633 3777",Hotel_Star,3.3
881,MEKA HOTELS PRIVATE LIMITED,"Ground floor, No.3573, Shop No.7 BM Gardenia,, Guru Brindavan Garden,, Vanagaram Ambattur Road,, Vanagaram,, chennai - 600095, contact no : 90802 66684",Hotel_Star,3.3
188,Buhari Hotel - A Unit of M.B and Brothers,"Old No.63, New No.52/1b,, Pulla Avenue, Shenoy Nagar, Chennai, MoB:63813 06037",Hotel_Star,3.3
1,Accent Hotels Pvt Ltd,"Sipcot No 36 OMR, Chennai 600 090, Mob:9600747175.",Hotel_Star,3.3
1209,Onis Hotels Private Limited,"Old No, 5, New No, 17 Velachery Main Road,, Little Mount, Saidapet,, Chennai- 600015, Mob-97890 92382",Hotel_Star,3.3
761,Lamicale Club & Resort Pvt Ltd.,"73/2 Valluvar Salai,, Ramapuram Chennai . 600089, Mob-98843 39554",Hotel_Star,3.3
727,Krish Resorts Private Limited,"No:3,Old No:314,Raja Veedhi,, Off VVV Salai,Uthandi,, Chennai-600119., Mob:9884825219.",Hotel_Star,3.3
711,Klase Hotels Private Limited,"No 86 Mount Road, Guindy Chennai 600032., Mob 89399 92112, Mr. Sam",Hotel_Star,3.3
705,Kay-Em Luxury Hotels & Resorts Pvt Ltd,"( Kayem Spectra Hotels ), 1/226, Service Road,, Vanagaram,, Chennai 600 095.",Hotel_Star,3.3
675,JPRI Hotels Private Limited,"No:125,Valluvar Kottam High Road,, Nungambakkam,Chennai-600034., Mob:9047608430.",Hotel_Star,3.3
672,Jolly Gem Inn Pvt Ltd,"1A, 1B, Rajive Gandhi Salai,, Omr, Navalur, Chennai - 603103, Contact No : 99403 86768",Hotel_Star,3.3
660,J Hotels Private Limited,"(The Accord Metropolitan), G N Chetty Road  T Nagar, Chennai - 600 017.",Hotel_Star,3.3
216,C&C HOTEL NEEDS,"OLD NO.5/1, NEW NO.3,, KRISHNAMA ROAD,, KRISHNAMA LANE,, NUNGAMBAKKAM,, Chennai-600034, Mob-93421 70401",Hotel_Star,3.3
217,Ceebros Hotels Private Limited,"Pullman Chennai Anna Salai, No:636,Anna Salai,, Teynampet,Chennai-600035., Mob:91500 70924",Hotel_Star,3.3
775,Lemon Tree Hotel,"72 Sardar Patel Road, Guindy, Chennai 600 032, 044 44232118, 04444232323, Mob No. 9840610894",Hotel_Star,3.3
1310,PRIDE HOTELS LIMITED,"216, EVR Periyar Salai, Kilpauk,, Chennai - 600 010., Mob. No: 09840384455, T: (044) 43989898",Hotel_Star,3.3
156,Bluemont Hotels Private Limited,"Old no 36, new Number 71,, Sterling Road, Nungambakkam,, Chennai – 600034., MOB NO- 7094406110",Hotel_Star,3.3
1468,Saaral  Resort & Hotels Pvt Ltd,"No : 1/685, Valayapathy Salai, Mugappair East, J J Nagar, Chennai - 600037, Varan - 9789987634",Hotel_Star,3.3
1610,Siprian Hotels Pvt Ltd,"Mango Hill Chennai, Unit of Siprian Hotels Pvt, No:4,Thirumalai Pillai Road,, T.Nagar,Chennai-600017, Mob:9600162200",Hotel_Star,3.3
1576,Shimona Hotels Private Limited,"3/204, Parthasarathy Nagar,, Manapakkam Main Road,, Manapakkam,, Chennai 600116., Mob: 99252 22418.",Hotel_Star,3.3
1575,SHILTON HOSPITALITY PRIVATE LIMITED,"Old No 87, New No 90,, Dee Cee Manor, G N Chetty Road,, T Nagar, Chennai,, Tamil Nadu, 600017, Ph No : 6379361237",Hotel_Star,3.3
1574,Shilton Hospitality LLP,"Dee Cee Manor Hotel, GN Cheety Road, T Nagar Chennai-600005, Mobile: 63793 61237, 98451 09439",Hotel_Star,3.3
1546,Seetharam Hotels,"No 1/228 Rajivgandhi Rd.,, OMR  IT Corridor, Semmencherry, Chennai 600 119., Mob: 98406 78603, Name: Abbas",Hotel_Star,3.3
1523,SAS Hotels And Enterprises Limited (T),"(The Residency), No:49,G.N. Chetty Road, T Nagar, Chennai - 600 017, 044 28253434",Hotel_Star,3.3
1520,Sarovar Hotels Private Limited,"No. 39, Mambakkam, Chennai to Bangalore National Highway,, Sriperumbudur,Kancheepuram,, Tamil Nadu, 602105",Hotel_Star,3.3
1514,Saras Hotels Pvt Ltd,"( Days Hotels ), 245 1 Old Mahabalipuram Road, Padur Chennai 603104, Mob No. 9551386655",Hotel_Star,3.3
1493,Sameera Hotels(Chennai) Private Limited (AS),"The Lotus Hotel Sameera, NO.47, ANNA SALAI,, CHENNAI – 600  002., Mobile: +91 9952051704, Tel-044- 46062200",Hotel_Star,3.3
1433,Robust Hotels Limited,"( Hyatt Regency ), No 365 Anna Salai, Teynampet, Chennai 600018",Hotel_Star,3.3
219,Ceebros Hotels Private Limited (AL),"120 St Marys Road Alwarpet, Chennai 600018",Hotel_Star,3.3
128,Barque Hotels Pvt Ltd,"Holiday Inn Express, No. 5/395, OMR Road Nehru Nagar, Thoraipakkam, Chennai-600097, Mob-8939834541",Hotel_Star,3.3
1410,Resort Way Bakes & Juice,"Akkarai,Ecr,, Chennai-600119., Mob:9645496545.",Hotel_Star,3.3
1388,RBL Hotels Pvt Ltd,"( Vivanta Chennai ), IT Expressway Chennai, No. 309, OMR, Sholinganallur, Chennai-600 119",Hotel_Star,3.3
138,Beverly Hotel (P) LTD,"No:17,Rajarathinam Road,, Kilpauk,Chennai-600010",Hotel_Star,3.3
1384,Rar Hotels Private Limited,"No 15 Venkatraman Street, T.Nagar, Chennai 600 017, Mob No 99520 51704",Hotel_Star,3.3
1369,Rajam Resorts Private Limited,"( Pleasant Days), Chennai Bangalore High Way, Palanjur Sembarambakkam, Chennai 600 123, Phone No 044 2681 1000/0900",Hotel_Star,3.3
1357,Radha Rajalakshmi Hotels Private Limited,"No 4/129 Mount  Poonamalle Road, Opp to Ex C.M MGR S House, Manapakkam Chennai 600 089, Mob No 7358018818 9841094155, AC No 044 66776869",Hotel_Star,3.3
1355,Raaj Bhaavan Clarks Inn,"No:307,Valluvarkottam High Road,, Chennai-600034., Mob:9943591007.",Hotel_Star,3.3
1311,Pride Inn Club,"NO: 10,Pearl Beach,Ansari Nagar,, Kovalam,Kanchipuram District,, Chennai-603112., Mob: 63695 70173",Hotel_Star,3.3
218,Ceebros Hotels Private Limited (A),"NO 636 Anna Salai, Teynampet, Chennai 600 035",Hotel_Star,3.3
640,ITC LIMITED (C),"ITC WelcomHotel Chennai, 10, Cathedral Road, Chennai 600086, Mob: 78717 77334",Hotel_Star,3.3
220,Ceebros Hotels Private Limited (L),"Lola's Pizzeria, Ground Floor,, No:187,St.Mary's Road,, Alwarpet,Chennai-600018.",Hotel_Star,3.3
589,Happy Cool Inn,"(Juice,Snacks & Ice Creams), No:24, Arunachalam Road,, Saligramam,, Chennai-600093, mob:9444453856",Hotel_Star,3.3
571,GRT Hotels And Resorts Pvt Ltd (R),"(Radisson GRT Hotel), 531 GST Road, St Thomas Mount, Chennai 600 016, Tel No. 044 22310101",Hotel_Star,3.3
570,GRT Hotels And Resorts Private Limited(GRT),"(GRT Grand), 120 Sir Thyagaraya Road, T Nagar Chennai 17",Hotel_Star,3.3
569,GRT Hotels And Resorts Private Limited,"Mahalakshmi Nagar, Chennai Tirupathi Highway, Tiruttani 631 209, PH 044 27880234, 8939841928",Hotel_Star,3.3
256,Cinemascope An Apart Hotel,"No:4/343,A-B,Anna Salai,, East Cost Road,Palavakkam,, Chennai-600041.",Hotel_Star,3.3
257,Cinemascope Clubs and Resorts,"No:343-A,Anna Street,, Palavakkam,Chennai-600041., Mob:9841248888.",Hotel_Star,3.3
259,Citadines OMR Apart Hotel Pvt Ltd,"290,Rajivgandhi salai, OMR Sholinganallur, Chennai-600119, Mb No. 9962006366 Tel No.044 71000010, Contact Person Mr Srinivasan, 71117111","Fine_Dining, Hotel_Star",3.3
261,Citrus Resorts Pvt Ltd,"No.175/9, Podavur (Village), Chennai Bangalore Highway, Sriperumpudur, Kanchipuram - 108, Mob-97502 51111",Hotel_Star,3.3
262,Citymax Hotels India Pvt Ltd,"Krispy Kreme,F&B-2,, Ground Floor,Express Avenue,, No.49 and 50 L,Whites Road,, Royapettah,, Chennai-600014, Tel.044 28464946, Ph.9916940544, 8870222766",Hotel_Star,3.3
271,C M Hotel,"No:778/8,Sankaralingar Street,, Gerugambakkam,, Chennai-600122., Mob:8056193920",Hotel_Star,3.3
519,Four Points By Sheraton,"Mahabalipuram Resort & Convention Center, Confluence Banquets & Resorts, ECR-OMR Junction, ECR, Poonjeri,, Mahabalipuram, Chennai -603 104, Mob-99628 91115, Janakiraman A/c No: 7397492163",Hotel_Star,3.3
505,Floressa Hotels,"5th Floor, NO 46,47 & 48,, Krishnaveniammal Nagar,, 1st main Road, kancheepuram,, Chennai, Chengalpattu,, Tamil Nadu, 600056, Ph:73580 94886, 9600655313",Hotel_Star,3.3
279,Comforts Inn Marina Towers,"No,2,A,Ponni Amman Koil St, Egmore,, Chennai -600 008.",Hotel_Star,3.3
459,Empee Hotels Limited,"(C O Hilton Chennai), 124 1 J N Salai, Ekkaduthangal, Chennai 600 032",Hotel_Star,3.3
442,EIH Associated Hotels Limited,"(Trident Chennai), 1/24, G.S.T. Road, Pazavanthangal,, Chennai - 600 027, Mob .9941154844, 044 22428253, 22428260",Hotel_Star,3.3
439,Eesentia Premier Hotel Chennai,"( A Unit of Averina Hospitality Ltd ), No:71/2,Okkiam,Thoraipakkam,, Rajiv Gandhi Salai,OMR,, Chennai-600097., Mob: 9025222957.",Hotel_Star,3.3
286,Confluence Banquets & Resort,"(Unit of Arun Excello Constructions LLP), ECR OMR Junction, ECR Road Poonjeri, Mahabalipuram, Chennai 603 104, MobNo.9500126102, A/c No: 9840968740",Hotel_Star,3.3
288,Continental Hotel Resorts,"(Esthell Hotels&Resorts), No 1 Royal Enclave, Besant Avenue Rd Adyar, Chennai 600020, 9176011433, A/c No: 9500080333","Continental, Hotel_Star",3.3
421,Duet India Hotels Pvt Ltd,"Plot No.P3,Near Sezgate, Mahindra World City, Chengalpet,, Chennai-603 002",Hotel_Star,3.3
420,Duet India Hotels ( Chennai OMR ) Pvt Ltd,"Survey No 169 Plot No 1B & 1A, Rajiv Gandhi Salai, Kumaran Nagar, Sholinganallur, Chennai 600119, Mob 72992 29900, Mr. Sarathy Christo, M +91 7824017727  T 044.49256699",Hotel_Star,3.3
417,Druta Vrddhi Hotels Private Limited,"E-147 A, No 5,2nd Avenue,Besant Nagar,, Adyar,Chennai.",Hotel_Star,3.3
378,Dheeyas Hotel Pvt Ltd,"No.102/124, Redhills Road, Vijayalakshmipuram, Ambattur, Chennai - 600 053, Tel : 044 6050 0222",Hotel_Star,3.3
579,Hablis Hotels,"19 29 G S T Road, Guindy, Chennai 600 032, Tel No 044 40235555",Hotel_Star,3.3
600,Hotel Blue Nile Pvt Ltd,"No:94,GST Road,Pallavaram,, Chennai-600043.",Hotel_Star,3.3
1628,Sky Hotels,"No:24,Besant Nagar, Adyar,, Chennai, Tamilnadu-600020, Mob:9585832414",Hotel_Star,3.3
601,Hotel City Friends Club,"Old No 89, Chamiers road, R.A.Puram,, Chennai, Tamil Nadu, 600028, Ph No; 9566511720",Hotel_Star,3.3
639,Itc Hotels Limited - Welcomhotel Chennai,"Cathedral Road,, Chennai-600086., Mob:9962632130",Hotel_Star,3.3
638,ITC Hotels Limited,"No:63,Mount Road,, Guindy,Chennai-600032.",Hotel_Star,3.3
637,ITC Grand Chola,"63 Mount Road, Chennai 600032",Hotel_Star,3.3
631,Interglobe Hotels Private Limited (C),"(IBIS Chennai City Centre), Plot No 684 690 Anna Salai, Block No 6 Landmark Seethakathi Buiness Centre, (Earlier Anand Theater), Thousand Lights Chennai 600 006., Mob 8939865461",Hotel_Star,3.3
630,Inter Globe Hotels Private Limited,"Plot No 34 SSPDL Construction Compus, Opposita to Sipcot It Park Entrance, OMR Road Egattur Chennai 603103, Ph.8939852713, A/c No: 8939852721",Hotel_Star,3.3
615,Hotel SRR Grand,"No:133,GST Road,, Otteri,Vandallur,, Chennai-600048",Hotel_Star,3.3
614,Hotel Sea Breeze,"No:18, Oothawadai St, Mamallapuram,, Chennai, Tamilnadu-603104, Mob;9940037295",Hotel_Star,3.3
613,Hotel Royal Southern @SRM Hotel P Ltd,"SRM Nagar Kattankulattur, Kancheepuram District, Chennai 603 203, Mob 98409 66778, Land Line: 044 4743 2163",Hotel_Star,3.3
612,Hotel Raj Park Private Limited,"180, TTK Road,, Alwarpet,, Chennai - 600 018, PH: 044 42257777, Mob 99405 80044",Hotel_Star,3.3
611,Hotel Raj Meridian New,"No 1 First Main Road,, Jaya Nagar GST Road,, Tambaram Sanatorium,, Chennai 600047., Mob 99626 37304",Hotel_Star,3.3
610,Hotel President Ariff & Co,"(Clarion Hotel), Dr Radha Krishnan Salai, Mylapore, Chennai 600 004, T: +91 44 2847 2211 M: +91 8939838121, Mob: 6381801311",Hotel_Star,3.3
609,HOTEL PANDIYAS KARAIKUDI CHETTINAD RESTAURANT,"DOOR NO.45, KASI TOWERS, BYPASS ROAD,, VANAGARAM, Chennai, Tiruvallur, Tamil Nadu, 600095, Mob:7639383760","Fine_Dining, South_Indian, Hotel_Star",3.3
608,Hotel Pandian,"15, Kenneth Lane, Egmore, Chennai 600008, Mob 9841221208, Mr Sangamuthu",Hotel_Star,3.3
607,Hotel Mount Heera,"287, MKN Road, Alandur, Chennai,, Tamil Nadu, 600016, Ph; 80560 81083",Hotel_Star,3.3
606,Hotel Maharajay,"No: 6/12, J J Nagar,Bazar Road,, Mogappair East,, Chennai - 600037, Mob : 9840671711 ( Gangadhar )",Hotel_Star,3.3
605,Hotel Jayapushpam Private Limited,"(Jaya Pushpam Hotel), 1131 Inner Ring Road, Koyambedu, Chennai 600 107, Mob 7708033578, Stores@hoteljpchennai.Com",Hotel_Star,3.3
239,Chennai Deluxe International Hotel Private Limited,"Hotel Chennai Le Palace, No:5/9,Arcot Road,, Karambakkam,Chennai-600116., Mob:9551214031",Hotel_Star,3.3
240,Chennai Deluxe International Hotel  Pvt Ltd ( K ),"Block No:1,Plot No:5,, E Road Koyambedu,, Chennai-600107., Mob:9710977615",Hotel_Star,3.3
604,Hotel Halez,"No:102,Rajiv Gandhi Salai,, Sholinganallur,Chennai-600119., Mob:9094011878",Hotel_Star,3.3
603,Hotel Crescent,"NO:309,Valluvar Kottam High Road,, Near Raj Bhavan Hotel,, Nungambakkam,, Chennai-600034., MOB: 99403 33271.",Hotel_Star,3.3
602,Hotel City Park,"No.2/8, Kunarathur Main Road, Moulivakkam,, Chennai, Tamil Nadu, 600102, 90877 20095",Hotel_Star,3.3
1625,SKS Hotel and Holding Private Limited,"No 42, 35th Cross Street,, Besant Nagar, Chennai 600 090",Hotel_Star,3.3
1249,Palmgrove Beach Hotels Private Limited,"564 Anna Salai Teynampet, Chennai 600018",Hotel_Star,3.3
1970,Thief Hotels Resorts Private Limited,"No:50/150,DR MGR Salai,, Kodambakkam High Road,, Nungambakkam,Chennai-600034., Mob:9962298392.",Hotel_Star,3.3
1776,SRP Prosperita Hotel Ventures Ltd,"(Holiday Inn Chennai OMR IT Expressway), 110, Rajiv Gandhi Road,, Thiruvanmaiur,, Chennai - 41, Mob - 7550111019, A/c No. 7550111010 , 7550111050",Hotel_Star,3.3
2152,VVT Hotels Private Limited,"142 Old Mahabalipuram Rd, Thoraipakkam, Chennai 600 097, Contact No. 044 45644444 / 30405555",Hotel_Star,3.3
73,Appu Hotels Limited,"( Le Royal Meridien Chennai ), G S T Road Guindy, Chennai  600 016, Tel No: 044 45532290, 22314343,44",Hotel_Star,3.3
66,Apollo Sindhoori Hotel Ltd ( Main Hospital ),"No:21,Greams Lane,, Off Greams Road,Thousand Lights,, Chennai-600006., Mob:7401114634.",Hotel_Star,3.3
2147,VVA Hotels Pvt Ltd,"(Radisson Blu Egmore), No 2 Ethiraj Salai, Commander in Chief Road Egmore, Chennai 600 008, Ph:7299006111 ., Ph:7299042544",Hotel_Star,3.3
2062,Vasanta Bhavan Hotels India Private Limited,"Developed Plot  South Phase No.34, Guindy Industrial Estate, Chennai","South_Indian, Hotel_Star",3.3
1771,SRM Hotel Pvt Ltd ( G ),"No.36, Sardar Patel Road,, Guindy, Chennai., Pin-600032, Mob-9500129893, Pur No . 7397758413, Tel No: 044 45653337",Hotel_Star,3.3
2139,V.S.Hotel (Unit Hotel Grand Palace),"No:257,GST Road,, Chrompet,Chennai-600044., Mob:8778786918.",Hotel_Star,3.3
1772,SRM Hotels Private Limited ( T.Nagar ),"Padmam veg restaurant, 54 venkatanarayana road, Parthasarathypuram, T nagar, chennai -600017, ph:98439 73898",Hotel_Star,3.3
1773,SRM Hotels Private Limited (V),"C - Block,No:1, Jawaharlal Nehru Road, 100 Feet Road, Vadapalani, Chennai - 600 026., Mob 9677025690, Mr Gangadharan",Hotel_Star,3.3
22,Aitken Spence Hotel Managements(SI) Pvt Ltd,"No 144 7 Rajiv Gandhi Salai, OMR Kottivakkam, Chennai 600 041, Mobile No 80723 31522",Hotel_Star,3.3
1789,ST Hotel Park Lane,"3/57, Veteran Lane, Pallavaram, Chennai - 600 043, Mob 73585 00999",Hotel_Star,3.3
1696,Sree Gokulam Hotel India Pvt Ltd,"Sabari Classic, ECR Navalur, Chennai 603 103, PH 044 47445030, 98409 66628",Hotel_Star,3.3
67,Apollo Sindhoori Hotel Ltd ( Ty ),"No:6,Old No:24,Cenotaph Road,, Teynampet,Chennai-600035., Mob:7401114634.",Hotel_Star,3.3
68,Apollo Sindoori Hotel Ltd ( Proton ),"Apollo Proton Cancer Center, No:4/661,Dr Vikram Sarabai Instronic Estate,, 7th Street,Dr Vsi Estate,Phase II,, Taramani,Chennai-600009., Mob:7401114631.",Hotel_Star,3.3
2085,VENUSTA HOTELS,"First Floor, 5/233,, Vallalar Illam,, Sitaraman Avenue,, 7th Street, VGP Universal Kingdom,, Injambakkam,, Chennai - 600 115., Mob: 9962204528",Hotel_Star,3.3
69,Apollo Sindoori Hotels Limited(MCC),"ASHL - Madras Cricket Club, 1, Babu Jagarjeevan Ram,, Chepauk, Chennai - 600 005, MOB:- 7401114634",Hotel_Star,3.3
1846,Taj GVK Hotels & Resorts Ltd,"(Taj Mount Road), No,2,Club House Road,, Chennai- 600 002",Hotel_Star,3.3
2093,V.G.P Goldenbeach Resort Ltd,"No 5/159 ECR Road, Injambakkam, Chennai 600 115., Mob 9384825777",Hotel_Star,3.3
15,Adyar Gate Hotels Limited,"TTK Road, Chennai 600018",Hotel_Star,3.3
2123,"Vivanta by Taj - Fisherman's Cove, Chennai","Covelong Beach, Chennai - 603 112","Seafood, Hotel_Star",3.3
17,Agk Hotels International Private Limited,"No 1, Krishna Group, 1st Main Road,, CIT Colony,, chennai -600004, PH: 99520 13411",Hotel_Star,3.3
1845,Taj Fisherman''s Cove Resort & Spa (N),"Covelong Beach, Chennai - 603 112","Seafood, Hotel_Star",3.3
65,Apollo Sindhoori Hotel Ltd ( CK ),"Centralised Kitchen, No:717,No:238,Pathari Road,, Anna Salai,, Chennai-600002., Mob:7401114634, ( Near Raj Video Vision)",Hotel_Star,3.3
2061,Vasanta Bhavan Hotels India (P) Ltd,"Developed Plot  South Phase No.34, Guindy Industrial Estate, Chennai-600032, Mob:9566194881","South_Indian, Hotel_Star",3.3
1880,Thalappakatti Hotels Private Limited ( M ),"Mundiyampakkam Central Kitchen, 71 Door No 5, Trichy-Chennai Highway,, Mundiyampakkam Cross Road, Situated at Jeevan Park Campus, Mundiyampakkam, Villupuram 605601, MOB:9626720277",Hotel_Star,3.3
1847,Taj Madras Flight Kitchen Private Limited (Old),"No, 6,Officers Lines, # 272,G.S.T. Road,, Pallavaram, Chennai -600 043","Fine_Dining, Hotel_Star",3.3
1930,The Indian  Hotels Company Ltd,"(Vivanta  By Taj Connemara), Binny Road,, Chennai -600 002., Mob: 9841553855, Name: Rajasekar",Hotel_Star,3.3
49,ANJALI HOTELS PVT LTD,"27, Signal Office Road,, Pammal,, Chennai - 600075., Mob: 9445567766",Hotel_Star,3.3
1935,The Madras Hotel,"3/130 Rivers Bridge Road, Dr Ambedkar Nagar, Manapakkam, Chennai 600 125, Mob 81900 00016",Hotel_Star,3.3
38,Ambattur Hotels Private Limited,"( Park Hyatt), 39 Velacherry Road, Guindy Chennai  600 032, Tel No 044 71771242",Hotel_Star,3.3
1881,Thalappakatti Hotels Pvt Ltd,"No. 5/10 - 7E, Seven Wells Road,, St.Thomas Mount,, Chennai - 600 016, PhNo:  9600080955 A/c No: 8056013302",Hotel_Star,3.3
1683,SPN HOTELS PRIVATE LIMITED,"NO.29, SPN HOTELS PRIVATE LIMITED,, THIRUMALAI PILLAI ROAD, T.NAGAR,, Chennai, Tamil Nadu, 600017, MOB:044-49043030",Hotel_Star,3.3
1850,Tamarai Hotels Private Limited,"Old No.7, New No.13, First Crescent Road, Gandhi Nagar, Adyar, Chennai - 600 020, Sakthivel No: 8754490350",Hotel_Star,3.3
1931,THE IRIS HOTEL,"No 2 Dr. Thomas Road, Opposite To GRT Grand Hotels, JJ Nagar T Nagar, Chennai 600 017, Mob 96001 08786, Mr Baskaran",Hotel_Star,3.3
1848,Taj Sats Air Catering Limited,"No:6,Officers Lines,, 272,G.S.T Road,, Pallvaram,Chennai-600043.",Hotel_Star,3.3
1680,Spirit Dove Hotels and Resorts,"63/5 Ground Floor,, Murugesan naicker complex,, Greams Rd, Thousand Lights West,, Thousand Lights, Chennai,, Ph:9884606222",Hotel_Star,3.3
1682,SPM HOTEL,"Old No 3/135 New No 3/152, Perumbakkam Main Road, Medavakkam, Chennai 600 100, Mob 9094663403, Name: Ravichandran",Hotel_Star,3.3
90,Aruna Hotels Limited,"No 145, Aruna Centre,, Sterling Road,, Nungambakkam,, Chennai 600034., Mob: 9363401487",Hotel_Star,3.3
63,APA Hotels Private Limited,"(The Residency Towers), Sir ,Thyagaraya Road,, Chennai 600017, 044 28156363",Hotel_Star,3.3
64,Apeejay Surendra Park Hotels Limited,"# 601.Anna Salai, Chennai- 600 006, Tel No: 044 42676000, 42144000",Hotel_Star,3.3
2049,V7 Hotel Private Limited,"3/191,Mount Poonamalee Road,, Thelilyar Agaram Post,, Porur Chennai - 600 116, Pur : 9003651777",Hotel_Star,3.3
2025,Tuscana Restaurants,"( Unit of Tuscana Restaurants ), No:19,Wallace Garden,3rd Street,, Nungambakkam,, Chennai-600006., Mob:9962524244.","Italian, Fine_Dining",3.25
2024,Tuscana Kryptos Restaurants Private Limited,"150, Royapettah High Road, Chennai - 600 014","Italian, Fine_Dining",3.25
1963,The Style salad,"68 Taylors Road, 2nd floor,Kilpauk,, Chennai-600010, Mob 98841 82747",Health_Organic,3.15
1838,Sweet Talk Gelato Cafe,"New No 42, Old No53, Teachers Colony, Venkata Rathinam Nagar, Adyar, Chennai 600 020, Mob: 98408 34630","Italian, Cafe_Bakery, Sweets",3.15
562,Green & Grocer,"(Smk Traders), F.No.2a,D.No.180, 8th Street,Kothari Nagar, Ramapuram, Chennai-600089, Mob:",Health_Organic,3.05
561,Green Goodness Enterprises Pvt Ltd,"#57 Gwalani avenue, Pantheon road,, First lane,, Egmore, Chennai - 600008, Ph:97900 24370",Health_Organic,3.05
1090,Nalam Organic Super Store,"4/14,Valluvar Salai,Royala Nagar, Ramapuram, Chennai-600089, Mob:9551672777",Health_Organic,3.05
814,Madras Street Bowlz,"Plot No.62A,, Door No.9/135,, Madhanagar Main Road, 3rd St, Madanandapuram,, Chennai, Tamil Nadu, 600125, Ph: 9840196186",Health_Organic,3.05
563,Green & Grocer Supermarket,"No.482a,Shridevikuppam Main Rd, Kamaraj Avenue, Valasaravakkam,, Chennai-600087, mob:9042638896",Health_Organic,3.05
564,Greenpark Chennai OMR Unit,"No:169,Old Mahabailpuram Road,, Semmancheri,, Chennai-600119., Mob: 9384822600",Health_Organic,3.05
892,MGM Health Care Private Limited,"No:72,Nelson Manickam Road,, Aminjikarai,Chennai-600029., Mob:9941508559",Health_Organic,3.05
1924,The Health Shoppe,"67, Sayee Enclave,, Old GST Road,, Karunanidhi Nagar Peerkankaranai, Chennai 600063, Mob- 81 220 418 16",Health_Organic,3.05
566,Green World Super Market,"No:1,Bharathiyar Street,, Maruthi Nagar,Phase-1,, Thundalam,Chennai-600077., Mob:7550010539",Health_Organic,3.05
592,Heaven Greens,"No:161/86A,Santhome High Road,, Raja Annamalaipuram,, Chennai-600028., Number : 044-24933333",Health_Organic,3.05
750,Kyra Green Energy Solutions Private Limited,"First Floor, D.No.76/77, Kundrathur Main, Road, Mangadu, Chennai, Kancheepuram,, Tamil Nadu, 600122, Mob- 90034 71126",Health_Organic,3.05
2,ACENDO HEALTH CARE,"First Floor, No.48/1,, N M K Street,, Ayanavaram,, Chennai - 600 023., Mob: 8754282236",Health_Organic,3.05
560,Green Fresh Super Market,"No: 41, Mullai Nagar Main Road, Mudichur Road, West Tambaram,, Chennai-600 045",Health_Organic,3.05
1219,Organic Heaven,"No:25B,Old Town Ship Road,, Ambattur,Chennai-600053, Mob:9500969969.",Health_Organic,3.05
1304,Premam Super Organic Enterprises,"No.2,Roadu Street,Venkatapuram,, Kundrathur,, Chennai-600069, Mob:99443 67390 ,73587 30229",Health_Organic,3.05
1571,Shankar organic,"556/D, Gerugambakkam Main Road,, Gerugambakkam,, Chennai-600128, Mob:7358341490",Health_Organic,3.05
1259,Pastel Green ( C ),"F1 LAKSHMI APARTMENTS NO.146A, C BLOCK VELLALAR STREET, MUGAPPAIR WEST CHENNAI",Health_Organic,3.05
1879,Thai Food House LLP,"215/131, St. Mary's Road, Alwarpet, Chennai - 600 018, Contact : 04442334300",Thai,2.85
178,Brews & Beyond Bistro Pvt Ltd,"No : 55/16, 3rd Floor,, 7th Avenue, Besant Nagar, Chennai - 600090, contact no : 95666 95236","Continental, Cafe_Bakery, Fine_Dining",2.75
635,Italian Gourmet Makers Private Limited,"1/7 1&2/7, Ormes Road, 4th Cross Street, Kellys, Kilpauk, Perambur, Chennai-600010, mob:96771 55555",Italian,2.55
187,Bts Bistro,"Sf No.203/3, Plot No.129,130,, Service Road, Near Veerana Pump House,, Chennai, Tamil Nadu, 600095., Mob:9840450311, ( Delivery At Near Porur Toll Gate)","Continental, Fine_Dining",2.55
255,Cilantro Italiana,"Annai Velankanni Nagar, Phase 2,Madhanathapuram, Chennai-600 116, Mob - 8754925640",Italian,2.55
479,Evoke Bistro Bar & Grill,"No. 5/360 2nd Floor, Rajiv Gandhi Salai , Okkiyam, Thoraipakkam, Chennai - 600 097, Mob No. 8825766059","Continental, Fine_Dining",2.55
85,Ark Bistro,"NO: 19,First Floor,Kakhan Street,, Potheri,Kattankulathur,, Chennai-603203., MOB: 9962103426.","Continental, Fine_Dining",2.55
62,Anuthams Gelato,"No 7, Neela Nagar, Phase 2,, 3rd Street,, Medavakkam, Chennai,, Tamil Nadu, 600100, Ph:84285 04372",Italian,2.55
1925,The Hide out bistro,"101 D block 6th street, Anna nagar east, Chennai - 102, Contact - 7401833110","Continental, Fine_Dining",2.55
888,Mexicano Griller,"No.48, sterling avenue,, near loyola college,, Nungambakam, Chennai-600034, Mob 9087766000",Mexican,2.55
1558,Seven Seasons Bistro,"Old No:38,New No:131,Sterling Road,, Nungambakkam,, Chennai-600034., Mob:9865092704.","Continental, Fine_Dining",2.55
1870,Tasty Pizza,"3/3, Valluar Salai, Ramapuram, Chennai-600 089, Mob No: 9884871146, 9940158913","Italian, Fast_Food",2.55
419,Dudu Grill and Bar,"No:3/416,ECR Road,, Uthandi,Chennai-600119., Mob:9176775222.","Continental, Fine_Dining",2.55
406,Doner Kebab Bistro,"No.31 , Anderson Road,, Nungambakkam,, Chennai - 600 034, Tel-044 4501 8008, Mob No. 8122379924","Continental, Fine_Dining, North_Indian, Arabian",2.55
405,Doner Bistro,"Express Food Street, 137, Rajiv Gandhi Salai,, Semmancheri,, Chennai, Tamil Nadu 600119","Continental, Fine_Dining",2.55
1855,Tangy Pizza,"No 6 Mangala Lakshmi Nagar, Madhandapuram  , Porur, Chennai  - 600 125","Italian, Fast_Food",2.55
491,Fasta Pizza Private Limited,"No 48,49,& 50,, Rajeshwari street, Santosh Nagar,, Palavakkam Village, Perungudi, Chennai - 600 041, Mob: 91761 45450, Name: Ajmal Hussain","Italian, Fast_Food",2.55
878,Me Italian,"Everst Foods Street, Senganmal,, Kelambakkam, OMR, Chennai-603103, Mob:9629300614, Land Mark: Kelambakkam to Thiruporur Highway, Shell Petrol Bank",Italian,2.55
1819,Super Star Pizza Anna Nagar,"No:173, 5th Ave,, Z Block, Anna Nagar, Chennai - 600040, Mob No : 9994561398","Italian, Fast_Food",2.55
546,Global Bistro,"No:17,KB Dasan Road , Alwarpet,, Chennai, Tamilnadu-600018, Mob;8015400176","Continental, Fine_Dining",2.55
1284,Pizza Mechanics Private Limited,"No:164/27B,, Doctor P.J.Thomas Avenue,, Injambakkam,Chennai-600115., Mob:9884656311.","Italian, Fast_Food",2.55
1283,Pizza Boy,"Shop No:4,Plot No:26&27 A,, Annai Velankanni Nagar,Mugalivakkam,, Chennai-600125., Mob:8508250789.","Italian, Fast_Food",2.55
555,Gossip Bistro and Dessert Bar,"No:191/114,Uthandi Village,, ECR,Chennai-600115., Mob:","Continental, Fine_Dining",2.55
1992,Tomoz Pizza,"#5, Red Hills Road,, Ambattur,Chennai - 600053., Mob- 91767 88100","Italian, Fast_Food",2.55
1820,Super Star Pizza  ( Egmore ),"No :123, Dugar  Tower,, Rukmani Lakshmipathi Rd(Marshalls Road), Below Bank of Baroda  Regional Office,, Chennai Rural, Egmore,, Chennai - 600008, mob no : 98943 54867","Italian, Fast_Food",2.55
1818,Superstar Pizza,"New No:20,Old No:9,5th Avenue,, Besant Nagar Beach,, Chennai-600090., Mob:9894354867., ( Delivery at Ttk Road,Alwarpet )","Italian, Fast_Food",2.55
527,Fusion Feast,"4/145,, OMR Road,, Egattur, Chennai,, Chengalpattu, Tamil Nadu, 600130, Ph:98406 36636",Pan_Asian,2.4
1999,Tovo Infused Grill Chicken,"No:46/121,Dr.Radhakrishnan Street,, Mylapore,Chennai-600004.",Continental,2.4
643,Ivory Fusion Ventures LLP,"Ground Floor,D-13,Mogappair East Industiral Estate,, State Bank of Indai Atm,Mogappair East,Chennai, Tamil Nadu- 6000037, Ph No : 8667006040",Pan_Asian,2.4
1208,ONGRILL OMR,"No:1/2,OMR Service Road,, Rajiv Gandhi Salai,Anand Nagar,, Toraipakkam,Chennai-600097., Mob:6382705419",Continental,2.4
2170,Yakebab Restaurant,"1St Main Road,, G Block, Anna Nagar East, Chennai - 600102, Mob No : 7736035368","Fine_Dining, North_Indian, Arabian",2.25
301,Cosmos Restobar,"No:12/486A,, Mambakkam Road,, Madavakkam,, Chennai-600100.",Fine_Dining,2.2
2010,TRIO GOURMET RESTAURANTS LLP,"Door No 9, Khadar Nawaskhan Road,, Chennai-600006, Mob-98841 91119",Fine_Dining,2.2
1995,TOSCANO RESTAURANT,"( Red Apple Kitchen Consultancy Pvt Ltd ), 11 Khader Nawaz Khan Road, Nungambakkam, Chennai 600 006., Mob 09007228108, Mr Sourav Dey",Fine_Dining,2.2
388,Dinetech Foods Private Limited,"Plot No. 57-58, Raja Gardens,, Vanagaram Main Road,, Vanagaram, Chennai - 600116, Ph: 9940617739 - Balaji",Fine_Dining,2.2
393,Divine Dine,"Ground Floor, M/34/2,, 17th Cross Street,, Aavin Milk Booth, Besant Nagar,, Chennai, Tamil Nadu, 600090, Ph; 72992 84214, 76958 02025",Fine_Dining,2.2
2003,Travancore Restaurant,"1st Floor,No:1/362,, Rajiv Gandhi Salai,Padur,, Kelambakkam,Chennai-603103., Mob:8589829452",Fine_Dining,2.2
387,Dinesh Radha,"No.28, Ennore Express Road,Kaladipet,, Thiruvottiyur,Chennai-600019, Mob-",Fine_Dining,2.2
362,De Indian Kitchen,"31 A Seethapathy Nagar, 100ft Tharamani Link Road,, Chennai 600042, Ph; 89252 80418",Fine_Dining,2.2
2197,Z’s kitchen,"(Haleema), 20/42,melpadi Muthu st,, Nungambakkam, Chennai-600034, mob:98847 66628",Fine_Dining,2.2
386,Dine Kart Private Limited,"No 10 1St Street, VOC Colony Amnjikarai, Chennai 600 029., (Land Mark Next Nuts and Spices, Warehouse), Mob 89391 88999",Fine_Dining,2.2
385,Dine Fine Gourmet,"No 73, First Floor, Room. No.1, Palkalai Nagar, Palavakkam, Chennai - 600 041",Fine_Dining,2.2
389,Dionysus Restaurants Private Limited,"Jaganathan Road, Opposite Vijay Tv Office, Tirumurthy Nagar, Nungambakkam, Chennai 600 034, Mob-86101 78226, A/C No. 9962560647",Fine_Dining,2.2
531,Galito's Restaurants Private Limited,"The Forum Vijaya  Mall, Unit No 214 Second Floor, Vadapalani Chennai 600 026, Mob 9840017089, Mr. Ashokan",Fine_Dining,2.2
295,Copper Kitchen Porur,"6/133 Arcot Road, Karampakkam, Porur Chennai 600 116, Ph 7810991196",Fine_Dining,2.2
31,Al-Ameen Chef Express Family Restaurant,"210-1B-16 Anna Salai, Kodaikanal, ( Delivery Address:, Ciro Cattaneo, Sunrise Villa,, Ags Colony Beach, B.34 Kottivakkam, Chennai 600 041.","Fine_Dining, Fast_Food",2.2
2128,V Meet Multi Cuisine Restaurant,"No:31,G.S.T.Road,, Nandivaram,Guduvancheri,, Chennai-603211.",Fine_Dining,2.2
511,Foodies Kitchen LLP (ABT),"(Absolute Thai), 24 Cenotaph Road, Teynampet, Chennai 600 018, Mob 98847 27375, 9884727375",Fine_Dining,2.2
20,Ahlan Copper Kitchen,"No:7,P.C.M.Colony,, Thomas Mount,, Chennai-600016., Mob:9677164004",Fine_Dining,2.2
510,Foodies Kitchen LLP,"24 Cenotaph Road, Teynampet, Chennai 600 018, Mob 98847 27375, 9884727375",Fine_Dining,2.2
2129,V MEET RESTRO BAR,"No:3rd Floor, Grand Southern Trunk Rd,, Opp to VGP Ground, Urapakkam, Chennai-603210, Mob:9940086957",Fine_Dining,2.2
277,Collaborative Restaurant Llp,"Old No : 1, New No :17A,, 6th Main Road,, Raja Annamalai Puram,, Mob No:8838702218, Chennai : 600028",Fine_Dining,2.2
2077,Vengatesh Snacks Bar,"No:35,200 Feet Rediai Road,, Vels Colleage,, Old Pallavaram,, Chennai-600117., Mob:8531052638",Fine_Dining,2.2
280,Community Kitchen Company,"Old No: 27A, New No: 60, 4th Main Road, Raja Annamalai Puram,, Chennai - 600028, TUSCAN TABLE-RA PURAM, Mob-96770 77347",Fine_Dining,2.2
448,Elevate Restaurants,"(Infinity Esthell Restaurants LLP), No.1 Royal Enclave Besant Avenue Road, Adyar Chennai 600 020, Mob No +91-7338801767",Fine_Dining,2.2
283,Concept Dine In,"No. 18 L V Prasad Road,, Dhanalakshmi Colony, Vadapalani Chennai  - 600 026, Mob No. 72002 21818",Fine_Dining,2.2
437,Eden Restaurant,"Harrisons Hotel, 314- Valluvar Kottam High Road, Nungambakkam, Chennai - 600 034, 9884034060",Fine_Dining,2.2
532,Galito's Restaurants Private Limited (P),"Unit No UG-41 Phoenix Market City Chennai,, Upper Ground Floor, Phoenix Market City,Old, Door.No.66, New Door No.142, Velachery Road,, Chennai, Tamil Nadu, 600042, Mob- 91235 22 779",Fine_Dining,2.2
2048,Urban Spice Restaurant,"AG-64, 1st Floor,, River View Colony., Shanthi Colony. Anna Nagar, Chennai-600 040, Mob:9840029293",Fine_Dining,2.2
2181,ZABEEL MULTI CUISINE RESTAURANT,"OLD NO 50, NEW NO 72, PATTA NO 616,, PERUMAL KOIL STREET, Iyappanthangal,, Chennai, Tiruvallur, Tamil Nadu, 600056, MOB:9566127888",Fine_Dining,2.2
591,HAUNTED RESTAURANT,"NO,23, 7th, Vasanth Colony,, W Block , Anna Nagar,, Chennai-600040, Mob-9841805528",Fine_Dining,2.2
2190,Zing Wing Restaurant.,"No.24,1st Flour,, MG,Road, Pattabiram,, Chennai-600072, Tel-044 2685 1093",Fine_Dining,2.2
4,Achayathis Restaurant,"100 Feet Road,, Opp Opposite Kalyan Jewellers,, 3rd Street,Rajalakshmi Nagar,, Velachery,Chennai-600042., Mob:8589041869.",Fine_Dining,2.2
2038,Uncle Sam's Kitchen,"#5, Varadarajapuram 1st Street, (Near Oil Mill Bus Stop), Pallikkaranai, Chennai - 600 100, 04445575758, Ph.9789090307, 9840971477, A/C : 044 4557 5738",Fine_Dining,2.2
2032,Twisty Tails Restaurant,"No 1 Anandha Road, Alwarpet, Chennai 600 018., Mob 6374210383",Fine_Dining,2.2
2177,Yumcha Restaurant,"Unit Of Sinful Something, Ld No 3, New No 34, Plot No 23 Co Operative  Colony, Alwarpet Chennai 600 018, Ph 89393 04633",Fine_Dining,2.2
1635,Smart Belly Foods ( Base Kitchen ),"No.18/24, TTK Road,, 1st Cross Street ,, Alwarpet,, Chennai-600 018, Mob-98844 89894, 8852086372",Fine_Dining,2.2
1966,The Tambourine Multi Cuisine Restaurant,"No 1 Semmozhi Street, J Nagar East Coast Road, Chennai 600 119., Mob 99628 29227",Fine_Dining,2.2
1668,Speciality Restaurants Limited (S),"(Sigree Global Grill, Mainland China), No 11 Kodambakkam High Road, Nungambakkam, Chennai 600 034",Fine_Dining,2.2
1843,TAG-DINE,"No. 65/1, 15th Street, Ashok Nagar,, Chennai, Tamil Nadu,",Fine_Dining,2.2
1960,The Skyview Restaurant,"22, Ambattur Redhill Main Road,, Pudur,, Chennai-600053",Fine_Dining,2.2
1808,Sumac Kitchen Llp,"No:17A,6th Main Road,, Raja Annamalai Puram,, Chennai-600028, Mob:9003114800.",Fine_Dining,2.2
321,Crunchy Kitchen,"No 135, MSP Complex,, Medavakkam Main Road,, Ullagaram, Chennai 600 091., Mob: 89394 62887",Fine_Dining,2.2
1256,Pascah Restaurant,"No:3,Kamaraj Nagar,, Main Road,Avadi,Chennai-600071., Mob:9884097730.",Fine_Dining,2.2
1791,Stone Plate Restaurant,"213/71 Shop No C1D, OMR Food Street, Thoraipakkam, Opp to (AKDR Tower) Chennai 600 097, Mob 99520 49885",Fine_Dining,2.2
1790,Stoke Restaurants India LLP,"No 40 Bazullah Road, M.T. Rajan's Properties, T.Nagar Chennai 600 017, Ph 9094965512",Fine_Dining,2.2
1329,Purple Kitchen,"C5 E122 3rd Floor, 3rd Avenue, Anna Nagar, Chennai 600 040, Land Mark : Opp SeaShell, Restaurant, Ph  99621 77442, 75502 23140, 9791510366",Fine_Dining,2.2
1349,Quality Bites Restaurant,"No:4,234A,Rajparis Harmony,, Surya Nagar,MGR Nagar,, Medavakkam,, Chennai-600100, Mob: 8884294448",Fine_Dining,2.2
1363,Rainforest Restaurant,"No 41 ,42 first main road, Gandhi nagar adyar, Chennai-600020, Mob-98409 99555",Fine_Dining,2.2
137,BESTKEPT RESTAURANT SECRETS PRIVATE LIMITED,"48/72, Chathidral Road, Galilayapuran, Chennai, Tamil Nadu, 600086, Mob:+91 98400 75450",Fine_Dining,2.2
1394,Red Apple Kitchen Consultancy Pvt Ltd,"11 Khader Nawaz Khan Road, Nungambakkam, Chennai 600 006., Mob 09007228108, Mr Sourav Dey",Fine_Dining,2.2
1395,Red Apple Kitchen Consultancy Pvt Ltd ( OMR ),"Toscano, Brigade World Trade Center Sales Office, 5, 142, Rajiv Gandhi Salai, Chennai - 600096, Ph:94894 49970, Contact Name: Nohan",Fine_Dining,2.2
1396,Red Apple Kitchen Consultancy Pvt Ltd ( PMC ),"No:UG-28,Upper Ground Floor,, Phoneix Market City,, Velacherry Road,Chennai-600042., Mob:7977562876,6381036914",Fine_Dining,2.2
1397,Red Apple Kitchen Consultancy Pvt Ltd (VR),"Collage By Toscano, VR Mall  Pillaiyar Kovil Street, Anna Nagar Chennai 600 040., Mob- 6380884551",Fine_Dining,2.2
1403,Red Dot Kitchen Private Limited,"616, Tiruvannamalai Kanji Road, Kosalai Vill,, Adaiyur, Tiruvannamalai,Chennai-604, Mob:9894964005",Fine_Dining,2.2
1667,Speciality Restaurants Limited (P),"(Mainland China (P)), First Floor F 34 Phoenix Market City, 142 Velachery Main Road, Chennai 600 042, Mob: 8348170172,, 9884226363",Fine_Dining,2.2
1754,SRI SAI KITCHEN MAKERS,"NO : 100/2,, Wood Warf, Walltax Road, Chennai : 600003, Contact No 9444086715, Delivert at Porur GK Cinemas",Fine_Dining,2.2
1414,RHAPSODY RESTAURANTS AND LEISURE PRIVATE LIMITED,"NO.7, KHADER NAWAZ KHAN ROAD,, NUNGAMBAKKAM, CHENNAI,, Tamil Nadu, 600006, PH : 044-243320241",Fine_Dining,2.2
1434,Rohini Restaurant,"No:32/39,Palayakara Street,, Bharathi Nagar,Porur,, Chennai-600116., Mob: 9884552153",Fine_Dining,2.2
125,Bamboo Kitchen,"No:6/8,4th Avenue,2nd Floor,, Main Road,AH Block Shanti Colony,, Anna Nagar,Chennai-600040., Mob:8939632585.",Fine_Dining,2.2
1449,RP Kitchen,"Rahuls Aishwarya Apartments, 2A/11,3rd Floor,4th Avenue,, 7th Main Road,Dhandeeshwaram Nagar,, Velachery,Chennai-600042.",Fine_Dining,2.2
1462,Rudhran's Restaurant & Retail Private Limited,"122, Karunanidhi Beach Road,, Palkalai Nagar,, Palavakkam,, Chennai 600 004., Mob: 7305926111",Fine_Dining,2.2
1511,Santos Concept Dining,"G/A Block, Shree Neel Terrace,, Kadambadi Amma Street,, Valasaravakkam,, Chennai-600087, Mob -93842 33250",Fine_Dining,2.2
1679,SPI Diners Private Limited,"NO:19,Pushpa Nagar Main Road,Lake Area,, Nungambakkam,Chennai-600034., MOB: 93454 27505",Fine_Dining,2.2
1678,Spicy Eats Restaurant,"1/PC 2A, Mugappair West,, Nolambur, Chennai 600 037., Mob: 9840423724,9962599452, 9700095888",Fine_Dining,2.2
1532,Savoury Restaurant and Caterings,"No:391/1,Nehru Nagar,Kottivakkam,, OMR,Chennai-600096., Mob:9605612234",Fine_Dining,2.2
1669,Speciality Restaurants Limited ( Ty ),"Mainland China Restaurant, A Unit of Speciality Restaurants Limited, No-5, Srinivas Tower,, Cenotaph Road, Teynampet,, Chennai -600018., Mob- 7871898392/8018506323",Fine_Dining,2.2
1557,Seven Screen Kitchen (Unit of Kal Flick Pvt Ltd),"1st Floor, No 37/4, Potters Street,, Saidapet,, Chennai, Tamil Nadu, 600015, PH:9884055302",Fine_Dining,2.2
1666,Speciality Restaurants Limited,"Hotel The Spring ( Mainland China - Asia Kitchen), Hotel The Spring, No 11 Kodambakkam Road, Nungambakkam, Chennai  600 034, Ph 9025175579, 9904103622",Fine_Dining,2.2
1101,Naroo Kitchen Pvt Ltd,"No.37, 2nd Main Road,, Kasturibai Nagar,, Adyar, Chennai-600020, Mob-99620 62278",Fine_Dining,2.2
828,Maison Restaurants Pvt Ltd,"23/13, Khader Nawaz Khan Road, Nungambakkam, Chennai - 600 034, Mob 98846 06222",Fine_Dining,2.2
843,Map Associates ( BFF Bar ),"New No:80,Old No:29,, Ra Puram Second Main Road,, Chennai-600028.",Fine_Dining,2.2
1926,The Hot Kitchen ECR,"Plot No : 78-79,, Injambakkam Village, ECR, Chennai - 600115, Mob No : 9840333336",Fine_Dining,2.2
50,ANJANAAS KITCHEN LLP,"2 P N Palayam,, Arasankalani,, Sithalapakkam,, Chennai - 600 126., Mob: 9629986234",Fine_Dining,2.2
1866,Taste of North By Neelam's Kitchen,"No 5B, No. 5B Part,, Evp Rajeshwari Avenu,, Mathananthapuram,, Chennai 600 125., Mob-70103 77395",Fine_Dining,2.2
1654,Social Restaurants Private Limited,"No 94 Sathyadev Avenu, MRC Nagar, Chennai 600 028, Mob 8870888486 , 9789767333",Fine_Dining,2.2
682,KAILASH KITCHEN,"M69/4, 7th Avenue, Besant Nagar, Chennai 600 090., Mob: 90032 94207, Name:Karthick",Fine_Dining,2.2
207,Calicut Restaurant,"No 15, V O C Street,, East Coast Road,, Injambakkam, Chennai,, Chennai, Tamil Nadu, 600115, Mob:- 80729 37316",Fine_Dining,2.2
1664,Spazio Restaurant,"Dr.Kannan Tower No 7, 2nd Floor Lakshmi Nagar Ext,, Arcot Road Porur, Chennai 600 116, Mob 98840 30425",Fine_Dining,2.2
1626,Sky7 Restobar,"7th Floor,  No 12, Jawaharlal Nehru Salai,, Chennai Tamil Nadu-600106, Mob: 9981998140 / 81245 51365",Fine_Dining,2.2
767,Lavish The Foodie Lounge Private Limited,"New No. 4 / Old No.5,, Kanniah Street / Off North Usman Road,, T Nagar, Chennai - 600017., Mob: 9551015580.",Fine_Dining,2.2
803,Maan Restaurants India Private Limited,"No.22, Old No.16, Varadaraipet Main Street,, Kodambakkam, Chennai- 600 024, Next to Meenakshi Collage, Mob - 99402 76794, Tel 044 43556555 Janakiraman A/C, ( Noodles Foods )",Fine_Dining,2.2
1100,Naranja Urban Pumpkin Kitchen Private Limited(Ecr),"110, East Coast Road,, Sholinganallur,, Chennai - 600119, Mob:9080115252",Fine_Dining,2.2
834,Malabar House,"Ground Floor, Old No 34 New No.7/2,, 17th Cross Street,, Besant Nagar,, Chennai - 600020, Contact No : 80728 26207",Fine_Dining,2.2
1560,Seyon Kitchens,"107, Vj Tower,, Mount Poonamalee Main Road, Kattupakkam, Chennai- 600056, PH;97867 70301",Fine_Dining,2.2
852,Massive Restaurants Private Limited,"Louis Burger, No:44,Survey No:151/2C4A,, Camp Road,Selaiyur,, Tambaram Taluk,, Chennai-600073., Mob:8754610578 / 9999609073",Fine_Dining,2.2
1095,Nando's Karnataka Restaurants Private Limited,"No:S-54,Second Floor,Phoenix Market City,, Velachery Road,Chennai-600042., PH NO : 9840017089, Con Person : Mr Ashoke",Fine_Dining,2.2
872,Meeka RestaurantS Private Limited (G),"No 84Cathedeal Road, Gopalapuram, Chennai 600086, Mob No;9080759769",Fine_Dining,2.2
1099,Naranja Urban Pumpkin Kitchen Private Limited,"37/20, BHEEMANNA MUDALI GARDEN STREET,, ALWARPET CHENNAI-600018, Mob-9444543643/8220036682., A/c Mr Loganathan: 9962008749",Fine_Dining,2.2
917,MOGLEE'S KITCHEN,"No.8/27 , Vanniyar Methu Street,, Iyyapathagal,, Chennai - 600056., Mob-9092233371, Mob - 91504 65671",Fine_Dining,2.2
918,Moglees Kitchen,"No.8/27 , Vanniyar Methu Street,, Iyyapathagal,, Chennai - 600 056, Mob - 91504 65671",Fine_Dining,2.2
1019,M/S Cloud Kitchen,"No. 1/3 Kundrathur Main Road,, Purusothaman Nagar,, Periyapenichery, Chennai - 600128",Fine_Dining,2.2
871,Meeka Restaurants Private Limited,"4th Floor No 49 North Boag Road, T Nagar, Chennai 600 017, Tel-044 66650259 , 04445500086, Mob-97918 85888",Fine_Dining,2.2
170,Born Restaurants Llp,"No.6A, Born Restaurants LLP,, New Colony 10th Street,, Adambakkam, Chennai,, Tamil Nadu, 600088, contact number : 99940 27797, Contact Person : Ajith Kumar",Fine_Dining,2.2
1096,Nando's Karnataka Restaurants Private Limited ( R ),"Unit No. Restaurant 5, 5A, 3rd. Floor,, Express Avenue, No. 49 - 50, Whites Road,, Royapettah, Royapettah, Chennai,, Tamil Nadu, 600014, Manager Nandos- Prem – 9742371302_x000D_
_x000D_
Assis, Assistant Manager – Ashok -9840017089",Fine_Dining,2.2
1084,Naga Cuisine ( A North East Restaurant ),"No:1/45,Madhavan Street,, Nehru Nagar,Velachery,, Chennai-600042., Mob:9677978999",Fine_Dining,2.2
889,Mezze Foods LLP,"No:19/4,Co-Operative Colony,, Off Chamipers Road,, Chennai-600018., Ashok : 9566128341.",Mediterranean,2.05
1587,Shree Mithai Private Limited,"No:18,Dr.T.V.Road,, Chetpet,Chennai-600031.",Sweets,2.0
793,LOIEE MITHAI & RASOI,"36/B2, Door No.273, Velacherry Main Road,, Rajakilpakkam, Chennai, Tamil Nadu, 600073, MOB:9994732369",Sweets,2.0
210,California Burrito ( G ),"Kathipara Urban Square,, Flyover, near Guindy, Ramapuram, Industrial Estate, Chakrapani Colony, Guindy,, Chennai - 600016, PH: 9505536231",Mexican,1.7
209,California Burrito (EA),"Express Infrastructure Private Limited, No:49&50L,3rd Floor,, Whites Road,Royapettah,, Chennai-600014., Mob:8892844365.",Mexican,1.7
208,California Burrito (DLF),"DLF Info City Chennai Limited, No:1/124,Ground Floor,Moonlight Bus Stop,, Sivaji Garden,Mugalivakkam,, Chennai-600014., Mob:9593267492.",Mexican,1.7
360,De Grains and Herbes,"Shop No: G45,Phase 2,, Ground Floor,Spencer Plaza,, Chennai-600002., Mob:9884155505.",Unknown,1.5
2015,Truly Herbivore,"Ramaniyam Apartments, Ground Flour,Indira Nagar,, Adyar,Chennai-600020.",Unknown,1.5
2159,Wok Hospitality,"2nd Floor, 5/391,, OMR Main Road,, Thoraipakkam,, Chennai - 600097, (Near Formule 1 Hotel)_x000D_
, Mob-9920-874520","Chinese, Pan_Asian",1.4
1104,Nasi and Mee Asian Canteen ( PMC ),"Phoenix Market City,, Indira Gandhi Nagar,, Velachery,Chennai-600042., Mob:8608262601 / 9500184364",Pan_Asian,1.4
1102,Nasi and Mee Asian Canteen,"Old No:24,New No:18,, Kadhar Nawaz Khan Road,, Nungambakkam,Chennai-600006., Mob:7845276088",Pan_Asian,1.4
2046,Urawok,"No:99/2B2,OMR Road,, Kazhipathur,, Chennai-603103.","Chinese, Pan_Asian",1.4
1145,Noodles Foods (India) Private Limited,"No.22, Old No.16, Varadaraipet Main Street,, Kodambakkam, Chennai- 600 024, Next to Meenakshi Collage, Mob - 99402 76794, Tel 044 43556555",Pan_Asian,1.4
1103,Nasi and Mee Asian Canteen ( OMR ),"No:110,Rajiv Gandhi Salai,, Old Mahabalipuram Road,, Chennai-600041., Mob:8778073066",Pan_Asian,1.4
8,Admiral Marine Services Pvt Ltd,"1st Floor, No:23, Moore St,, Chennai, Tamilnadu-600001, Mob:9003307065",Seafood,1.3
859,Mayfair Marine&Marketing,"Old No 100 New No 128, Coral Merchant Street, Chennai 600 001, Mob  9884217265, Tel No 25249698",Seafood,1.3
2041,UNITED MARINE,"NO 1, GROUND FLOOR,, MADHA CHURCH STREET,, ROYAPURAM,CHENNAI-600013., Mob:9840859736",Seafood,1.3
668,JMJ SEAFOODS PRIVATE LIMITED,"4/92-6A, MAGAZINE ROAD, ST THOMAS MOUNT,, Chennai, Tamil Nadu, 600016,, MOB:9940125462",Seafood,1.3
1624,S K Marine International,"AP-422, D NO.15, I-BLOCK,, Thiruvalluvar Kudiyiruppu Colony,, 20th Street, ANNA NAGAR,, Chennai, Tamil Nadu, 600040, Mob:96000 67217",Seafood,1.3
1894,The Brews Brothers ( P ),"No:D4,MGR Salai,Palavakkam,, Chennai-600041., Mob:9710030809",Cafe_Bakery,1.2
1577,Shiraz Art Cafe,"No. 27, Beach Road Kapaleshwar  Nagar, Neelangarai Chennai - 600 041, Mob No: 9840572126",Cafe_Bakery,1.2
521,Fresh and Honest Cafe Private Limited,"No:181,Mangadu Main Road,, Paraniputhur,Chennai-600122., Mob:9962502648 , 9962504973",Cafe_Bakery,1.2
37,AMBATTUR AARTHI SWEETS AND BAKERY,"27,Northi Park Street,, Venkatapuram Tiruvallur,, Chennai-600053, Mob:9360792743","Cafe_Bakery, Sweets",1.2
1794,Studio Cafe,"51/C, sabari nagar extension,, Mugalivakkam, Chennai-600125, Mob:9566230432",Cafe_Bakery,1.2
1197,Old Skool Cafe And Boutique Ventures Pvt Ltd,"No 9/5 Nandhanam First Street, Nandhanam Extn, Chennai  600 035, Ph: 24340545    Mob:9962601609",Cafe_Bakery,1.2
1785,Standalone Brewery Pvt Ltd,"No.89, Chamiers Road, R A Puram, Chennai - 600 028, Ph No; 9566511720",Cafe_Bakery,1.2
1893,The Brews Brothers,"NO: 3, Krishnaswamy Street,, North Usman Road, T.Nagar,, Chennai - 600017, Mob- 8778187767.",Cafe_Bakery,1.2
882,Mellow Cafe,"479 1st Main Road, ERI Scheme Road, Mugappair East, Chennai 600 037, Mob 96001 14279, Land Mark : Ambedhkar Playground",Cafe_Bakery,1.2
476,Eventide Coffee,"No:138,Eeast Coast Rood,, Injambakkam,Chennai-600119., Mob:7200880770",Cafe_Bakery,1.2
273,Coffee Tales,"No 7, 7th Crosee Street, Shenoy Nagar, Anna Nagar, Chennai-600 040, Ph-4204188,43561888, 098403 50003",Cafe_Bakery,1.2
1895,The Brews Brothers ( Ty ),"No:6/11,Kasturi Ranga Street,, Chennai-600018., Mob:8056141984",Cafe_Bakery,1.2
1778,SS CAFETERIA,"3538+6RF, Alapakkam Main Rd,, Janaki Nagar,, Maduravoyal,, Chennai-600095, mob:9080440099",Cafe_Bakery,1.2
550,Go Binge Cafe,"F1,No:2/138,Sakunthala Appartment,, Sivan Koil Street,Iyyappanthangal,, Chennai-600056., No: 98414 69596 / 9384702885",Cafe_Bakery,1.2
1489,Saltwater Cafe,"Kaveri Nagar, Kottivakkam, New Beach Road, Chennai 600 041",Cafe_Bakery,1.2
772,LE CAFE ET GATEAUX,"No. 147, Paper Mills Road,, Peravalur, 70 Feet Road,, Chennai - 600 082, Contact Mr. Karthic, Mob No: 9952914373",Cafe_Bakery,1.2
364,Deja Brew Cafe,"38, Sterling Road, Nungambakkam,, Chennai, Tamil Nadu, 600034, Ph:6383624640",Cafe_Bakery,1.2
363,DEJA BREW,"No G4 (1069), 19th Street G Block Anna, Nagar West, Anna Nagar West, Chennai-600040, MOB-9176615050",Cafe_Bakery,1.2
865,Mearth Cafe,"No:24/58,2 Main Road,, R.A.Puram,Chennai-600028., Mob:9094949480.",Cafe_Bakery,1.2
2090,VETTRI CAFETERIA,"Grand Southern Trunk Road, (VETTRI THEATRE), Reserve Bank Colony, Chromepet, Chennai 600 044, Mr.Arivanandham, 95001 77188",Cafe_Bakery,1.2
1633,"SLN COFFEE PRIVATE LIMITED_x000D_
_x000D_","No14, Ground Floor,, PS Apparels, Race Course Road,, PS Apparels, Guindy,, Chennai - 600 032., Mob: 90947 32577., Name: Mohan Raj",Cafe_Bakery,1.2
274,Coffee Tree Cafe,"Old No 88 New No 40, Greeways Road  R A Puram, Chennai, Mob- 7395957043, Tel- 044 42343535",Cafe_Bakery,1.2
721,Kreate Cafe by Kraft,"Headquarters, CMRL,, Anna Salai, Nandanam, Chennai - 600 035,, MoB:78069 45031",Cafe_Bakery,1.2
1125,Nice Cafe,"No.West Periya Pathai, 100 Feet Road, Choolaimedu, Chennai 600094, Ph: 9884966483",Cafe_Bakery,1.2
58,Annapoorani Cafe,"No :1, Agrahara Street,, Avadi, Chennai-054, Mob:9940197442",Cafe_Bakery,1.2
1432,Roast House,"Madha Kovil St, Okkiyam Thoraipakkam, No 11 Fc Jains Pebble Brook, Chennai Tamil Nadu 600096, Mob:9176969412",Cafe_Bakery,1.2
671,JOHNNYS CAFE,"No:283/1A,Kerugambakkam,, Kundrathur,Chennai-600128.",Cafe_Bakery,1.2
32,Alankar Bakery,"No:14/3,Bharathidasan Street,, Bangalore to Chennai by Pass Road,, Arcot-632503., Mob:9791933705",Cafe_Bakery,1.2
33,AL FRESCO CAFE,"No.80, Plot No.19B,, City Recreation Building,, New Avadi Road, Alagappan Nagar,, Kilpauk,, chennai - 600010, Contact No : 9551154012",Cafe_Bakery,1.2
1407,Relax Cafe,"No:15,C.L.C Works Road,, New Colony,Chrompet,, Chennai-600044., Mob:7902719729",Cafe_Bakery,1.2
702,Kat and Kin Coffee Roasters,"No : 4/350, 5th South Cross St,, Sri Kapaleeswarar Nagar,, Neelankarai,, Chennai - 600041, mob no : 9840074669",Cafe_Bakery,1.2
498,FIRST COFFEE,"Ground floor, Door No 30/2 I block,, 9th Street, 1st Main Road,, Near Ferns N petals,, Anna Nagar East,, chennai - 600102, Mob No : 7358180743",Cafe_Bakery,1.2
1829,SUSHI BASKET,"No 295 1st Floor, Nehru Street, Thirumangalam, Anna Nagar West, Chennai 600 040, Mob. 99496 51110",Japanese,1.2
706,KCS Coffee Snacks,"No:18,Ganthi 1st Cross Street,, Solinganallur,Chennai-600119., Contanct No:9884899164",Cafe_Bakery,1.2
133,Beachville Coffee Private Limited,"Old No -64.New No-21, 4th Street Abhiramapuram, Chennai-600018, Mob: 6379190620",Cafe_Bakery,1.2
663,Jk Delight Food Products (Garuda Cafe),"158, Gulecha Towers, Arcot Rd, opposite to Nexus Vijaya Mall, Ottagapalayam, Somasundara Bharathi Nagar, Vadapalani,, Chennai-600026",Cafe_Bakery,1.2
714,Kora Cafe Private Limited,"( Cheese Cafe ), No 340/1- 341/16, Second Avenue, Anna Nagar, Chennai 600040, mob:76958 61553",Cafe_Bakery,1.2
919,Mokchi Cafe,"No:28,Bazzar Streer,, Ram Nagar,Kaiveli,, Madipakkam,Chennai-600091., Mob:7395839222",Cafe_Bakery,1.2
1586,Shree Mas Bakery,"Pc2/2, Kambar Salai,, Mugappair West,, Chennai-600 037., Mob:9790859108",Cafe_Bakery,1.2
275,COFFEE VILLAGE,"S1, 153, FOODYS ZONE,, Chandrasekaran Avenue Main Road,, Okkiyam Thoraipakkam, Chennai,, Tamil Nadu, 600096, Mob:9994348435",Cafe_Bakery,1.2
41,Amethyst Cafe Pvt Ltd,"Whites Road, Royapettah, Chennai 600 014, Ph 98401 20554, Tel No 044 4599 1630 31 32",Cafe_Bakery,1.2
477,Everest Bakery,"No.75 Thulasingam Street,, Perambur,Chennai-600011, Mob-86800 13313",Cafe_Bakery,1.2
1913,THE ENTRANCE CAFE,"( Upstream Sports Centre Private Limited), No.18/63, Taylors Road,, Chennai 600 010., Mob: 91500 47764",Cafe_Bakery,1.2
318,Crispy Crust Pizzeria And Cafe,"1A IIT Colony VelacherryMain Road, Narayanapuram, Pallikaranai, Chennai 600100",Cafe_Bakery,1.2
1946,The Potroast,"Plot No-5, Maxworth Nagar - Phase-Ll, Opp: Ponvidhyashram School,, Kolapakkam,Porur, Chennai - 600122, T: 044- 48599002, ​M: 9962612121​.",Cafe_Bakery,1.2
120,Bakery Garden,"No 22b College Road, Nanganallur, Chennai, 9710432433",Cafe_Bakery,1.2
2189,Zenith Retailing Cafe,"Plot No:3,Madipakkam Main Road,, Velachery,Chennai-600091., Tel 044 43594826 43564826",Cafe_Bakery,1.2
1245,Palace bakery,"(Atchaya Office Suppliers), P.NO.11, Perumalpuram Phase-4, Puthur Village, Chennai, Kancheepuram-600126, Mob:9944690680",Cafe_Bakery,1.2
195,Cafe Arabica,"No 4 E Block 3 Rd Avenue, Anna Nagar East, Chennai 600102, Mob:9840073713",Cafe_Bakery,1.2
349,D Cafe,"No. 35A, Bassulla Raod,, T Nagar,, Chennai, Mob-99628 32233",Cafe_Bakery,1.2
1961,The Smith's Cafe and Bakery,"Ground Floor, No. 10/3, The Smith' S, Cafe and Bakery, Balaji Nagar, 2nd Cross Street, Kolathur Chennai, Ph:98841 65771",Cafe_Bakery,1.2
1052,Ms Shriya's Patisserie,"Chennai, Ph 9884016622",Cafe_Bakery,1.2
198,Cafe Nirvanaa Private Limited,"Striling road 3 Cross Rd, Nungambakkam Chennai-600034, Mob-99942 31965, 90250 69015",Cafe_Bakery,1.2
1703,SREE RAAJAN BAKERY,"Ground Floor ,Door No.14-5/8,, MMDA Colony,, Maduravoyal,, Chennai-600 095., Mob:9884676248 / 9445060457",Cafe_Bakery,1.2
797,Luck Cafe,"Old No:54,New No:41,, Sardar Patel,Raj Bhavan Road,, Guindy,Chennai-600032., Mob: 9551141797",Cafe_Bakery,1.2
197,Cafe H,"No 42 1 Shanthinikethan Colony, Anna Nagar West Extn, Chennai 600 101, Mob 9840165539, 9443064541",Cafe_Bakery,1.2
1507,Sans Coffee Culture,"14 Gangai Street, Kalakshetra Colony, Besant Nagar, Chennai 600 090., Mob 96326 74649",Cafe_Bakery,1.2
567,Grillix,"12, Unic Foodies Hub, Sudharsan, Nagar Madambakkam Main Road,, Madambakkam Sub Post Office,, Madambakkam, Chennai, Chengalpattu,, Tamil Nadu, 600126, Ph:9176962004",Unknown,1.15
228,Charis Bespoke Cake Artist,"C5,Abhinav Kailash,, No:19A,Velachery Main Road,, Venkta Puram,Saidapet,, Chennai-600015., Mob:9176350487",Unknown,1.1
1460,Ruban's Steakhouse,"(Mohan Rao Ruban Moses), Ambattur , Chennai - 600 053, Mob No: 7708145894 9841991198",Unknown,1.05
1380,Ramen Effect Private Limited,"GROUND FLOOR, 7TH STREET BALAJI, NAGAR ALWARTHIRUNAGAR,, NERKUNDRAM, CHENNAI, TIRUVALLUR,, Tiruvallur, Tamil Nadu, 600087, Mob- 79047 46616",Japanese,1.05
1183,Oho Shawarma,"No:3/530,SSN Plaza,Ground Floor,, Perumbakkam Main Road,, Jalladianpet,Chennai-600100.",Arabian,0.75
633,I Shawarma U,"No:1/54,Singara Naicker Street,, Chettiyar Agaram,Chennai-600077.",Arabian,0.75
1937,The Madras Shawarma,"No:130/64,Vanniyar Street,, Choolaimedu,Chennai-600094.",Arabian,0.75
1552,Seoul,"No. 5/1, Mullai Nagar Main Road,, Ramapuram,Chennai-600089, Mob-91761 96170",Korean,0.55
1553,Seoul Store Trading Pvt Ltd,"Shop No 11 Ground Floor, 96 Kaveri Complex, M G Road Nungambakkam, Chennai 600 034, Phone: 044 4311 1797, Makesh No:9087884677, A/c No:9087884688, Prashanth",Korean,0.55
1110,Neelberry Foods Private Limited,"No.4/640, 1st Floor, 12th Link, 3rd Street, Nehru Nagar,, Kottivakkam, Chennai - 600041, Mob-741 88 47 396",Unknown,0.4
523,Fried N Fries,"No:10/29, 47th St, Ashok Nagar,, Chennai-600083, Mob:9551604171",Fast_Food,0.25
1352,Quick2Shelf Food Solutions Private Limited (K),"No 4/245, Sri Devi Nagar, 1st Street, Noombal Road, Goparasanallur Village,, Kattupakkam, Chennai 600 056., Mob 8807860913, Mr. Sathya Prakash. K",Fast_Food,0.25
1435,Roll Away By Radioroom,"Ground Floor Old No : 55 New No : 115, Roll Away by Radio Room, TTK Road, Opposite Narada Ghana Sabha, Alwarpet, Chennai : 600018, Mob 8870888486 , 9789767333, ( Social Restaurants Private Limited )",Fast_Food,0.25
1501,SANDWICH SQUARE,"No. 476/2 Anna Salai, Teynampet, Chennai 600 006, Mob 96006 21282",Fast_Food,0.25
1351,Quick2Shelf Food Solutions Private Limited,"No-112B,PH Road, Velappanchavadi, Chennai-600077, Mob 88803 90577, Mr. Basha",Fast_Food,0.25
177,Break Your Burger,"4/1, Valluvar Salai, Ramapuram,, Chennai 600089, 7200221848",Fast_Food,0.25
482,Express Infrastructure Pvt Ltd,"No 2 Club House Road Mount Road, Chennai 600 002, Ph 044 28463354",Fast_Food,0.25
1497,Sams Sandwich,"5, Alappakkam Main Road, Valasaravakkam, Chennai - 600 087, Mob No. 9791140553",Fast_Food,0.25
777,Le Wrap Factorie,"No:24,3rd Street,, Parthasarathy Nagar,, Chennai-600088., Mob:9176448678.",Fast_Food,0.25
436,ECO - WRAP SOLUTIONS & SERVICES,"Ground Floor, 10, Aditya Flats, 8th Street,, Sri devi Nagar, Alapakkam, Chennai-600116, Mob-8144045353",Fast_Food,0.25
2165,Wrapsody Foods Pvt Ltd,"Plot No 2 Gentle Tides, Injambakkam, East Coast Road, Next to VGP Gloden Beach, Chennai 600 115, Mob 99004 57794,",Fast_Food,0.25
1905,The Chinese Story,"No. 4, Mount Poonamalle High Road,, ( Opp. DLF ) Ramapuram ,Porur ,, Chennai - 600 089, Tel No.044 433 1223",Chinese,0.25
1227,Oriental Foods,"No:10,MSS Nagar,, Kumananchavadi,Chennai-600056, Mob:9442294061",Chinese,0.25
1226,Oriental Cuisines Pvt Ltd ( WG ),"No.16, Sandys Chocolate Laboratory,, Wallace Garden 2nd Street,, Nungambakkam Chennai-600006, Mob- 9087918814",Chinese,0.25
1225,Oriental Cuisines Pvt Ltd ( RAP S ),"No.84,1st Main Rd, opposite to RR Donnelley,, Raja Annamalai Puram,, Chennai-600028, Mob-7418417527, ( Outlet Name - RAP Sandys Kitchen )",Chinese,0.25
1224,Oriental Cuisines Pvt Ltd ( RAP D ),"No.84,1st Main Rd, opposite to RR Donnelley,, Raja Annamalai Puram,, Chennai-600028, Mob-9600643826, ( Outlet Name - RAP Dessert )",Chinese,0.25
1223,Oriental Cuisines Pvt Ltd ( ECR ),"No,56, Promenade Building,, 1A, SH 49, Anna Enclave,, Injambakkam, Chennai-600041, Mob-6374529508",Chinese,0.25
1222,Oriental Cuisines Pvt Ltd ( BN S ),"No.4Th Main Road,Elliot's Promenade,, Besant Nagar, Chennai-600090, Mob-9025454250, ( Outlet Name - Besant Nagar Sandys kitchen )",Chinese,0.25
1221,Oriental Cuisines Pvt Ltd ( BN C ),"No.T, 46 A, Annai Velankanni Road,, Anna Colony, Besant Nagar,, Chennai-600090, Mob-9007781576, ( Outlet Name - BS Confectionery ), French Loaf",Chinese,0.25
1220,Oriental Cuisines Pvt Ltd,"No 1 Kasturi Estate 1st Floor, 1st Street Poes Garden, Chennai 600 018",Chinese,0.25
929,MOZ BURGER,"No. 3/15 Jawaharlal Nehru Road,, Ekkatuthangal, Chennai 600 032, (Opp Hyundai Showroom), Ph: 98406 91851, 044 43584409",Fast_Food,0.25
1730,Sri Krishna Sweets,"No.81 Vukan Tower Manyava 2nd Floor,, Thirumalai Pillai Road,, T Nagar, Chennai-600017, Mob-98407 69093",Sweets,0.05
1081,My Sweet India Food Products Private Limited,"No. 5/1 Alagapuri Main Road,, Ramapuram  Tiruvallur, Chennai 600 089, Mob-89399 11666, 99410 06818",Sweets,0.05
1830,Suswaad Sweets and Savouries (P) Ltd,"3/2 Venkataram Street, T.Nagar, Chennai, 9940064680",Sweets,0.05
12,Adyar Ananda Bhavan Sweets India Pvt Ltd,"No. 53, Industrial Estate Ambattur, Industrial Estate  Ambattur, Chennai - 600 058, Tel No: 044 42 333 333","South_Indian, Sweets",0.05
1692,Sree Akshayam Sweets 'N' Bakers,"No 49 50 51 Lake View Garden, Korattur Chennai 600 076, 9751525316",Sweets,0.05
