CustomerId,Customer,City,Facility,BusinessPartner,DeliveryAddress,KAM,Latitude,Longitude,Number of Outlets,Detected_Cuisines,Imported Avocado,Blueberry,Cherry Tomato,Parsley,Thai Asparagus,Indian Asparagus,Lemon Grass,Thai Basil,Italian Lemon,Thai Bird Chilli,Shiso Leaves,Rosemary,Total_SKU_Score,Swiggy_RID,Swiggy_Cuisines,Menu_Items_Count,Validation_Source
784680,The Green Plate Society,PTP_Bengaluru,PHD_FC_BLR,URBANFUSION,"SCOOTSY LOGISTICS, Sy Nos8/1 to 55/6, Varthur Hobli, Bengaluru East Taluk, Devara Beesana Halli, Bengaluru Urban Karnataka, 560103, India",Srihari M,12.92377696978031,77.58145604907584,1,"Pan_Asian, Health_Organic",0.7,0.6,0.55,0.3,0.25,0.35,0.5,0.4,0.0,0.35,0.15,0.3,4.45,1075197,"Italian, European, Mexican, Indian, Asian",0,Swiggy_ID_Only
785747,Noho Progressive Asian House,PTP_Hyderabad,PHD_FC_HYD,PACIFICHOSPITALITY,"63IDEAS INFOLABS PRIVATE LIMITED (Ninjacart), 2nd Floor, Indiqube Helios Business Park, Tower E, Chandana, Kadubisanahalli, Bengaluru, Bengaluru Urban, Karnataka, 560103",Daggupati Aditya,17.43,78.41,1,"Pan_Asian, Hotel_Star",0.4,0.3,0.55,0.45,0.0,0.25,0.5,0.4,0.25,0.35,0.15,0.5,4.1,924058,"Sushi, Pan-Asian",0,Swiggy_ID_Only
786521,FOO - CYBERABAD,PTP_Hyderabad,PHD_FC_HYD,PEBBLESTREETHOSPITALITYPRIVATELIMITED,"BONVIVANT GOURMET, 1st Floor, No 163, 9th Main, 3rd Cross, RMV extn, Sadashiva Nagar, Bengaluru, Karnataka 560080",Srihari M,17.43376010349925,78.38653825241249,1,"Pan_Asian, Hotel_Star",0.4,0.3,0.55,0.45,0.0,0.25,0.5,0.4,0.25,0.35,0.15,0.5,4.1,874623,"Asian, Chinese, Sushi",0,Swiggy_ID_Only
785710,OSAKA - Truly Asian,PTP_Hyderabad,PHD_FC_HYD,BYPENGHOSPITALITY,"63IDEAS INFOLABS PRIVATE LIMITED (Ninjacart), 2nd Floor, Indiqube Helios Business Park, Tower E, Chandana, Kadubisanahalli, Bengaluru, Bengaluru Urban, Karnataka, 560103",Daggupati Aditya,17.43,78.42,1,"Pan_Asian, Hotel_Star",0.4,0.3,0.55,0.45,0.0,0.25,0.5,0.4,0.25,0.35,0.15,0.5,4.1,,,0,Inference_Only
785263,Yuki - Pan Asian Kitchen and Bar | JP Nagar,PTP_Bengaluru,PHD_FC_BLR,Yuki,"HETHUR KRISHNAPRASAD VINODPRASAD, No 243, 2nd Cross Road, 9th Main Road, Mathikere, Bengaluru, Bengaluru Urban, Karnataka – 560054",Srihari M,12.90845573,77.6005346,1,"Fine_Dining, Pan_Asian",0.4,0.3,0.55,0.45,0.0,0.25,0.5,0.4,0.25,0.35,0.15,0.5,4.1,689542,"Asian, Chinese, Japanese, Thai, Desserts",0,Swiggy_ID_Only
785950,yazzu pan asian,PTP_Bengaluru,PHD_FC_BLR,progressivemarquishospitalityllp,"GLOBAL GOURMETZ, No. 65/1, Mission Road, Bengaluru, Bengaluru Rural, Karnataka – 560027",Sonu Varma,12.97394519151465,77.60167755582103,1,"Pan_Asian, Hotel_Star",0.4,0.3,0.55,0.45,0.0,0.25,0.5,0.4,0.25,0.35,0.15,0.5,4.1,,,0,Inference_Only
786259,Foo Restaurant,PTP_Bengaluru,PHD_FC_BLR,PEBBLESTREETHOSPITALITYPVTLTD,"BONVIVANT GOURMET, 1st Floor, No 163, 9th Main, 3rd Cross, RMV extn, Sadashiva Nagar, Bengaluru, Karnataka 560080",Srihari M,13.01273735,77.5547846,2,"Fine_Dining, Pan_Asian, Hotel_Star",0.4,0.3,0.55,0.45,0.0,0.25,0.5,0.4,0.25,0.35,0.15,0.5,4.1,730326,"North Indian, Chaat, Chinese, South Indian, Fast Food, Snacks, sandwich, Burger, pizza, Pasta",0,Swiggy_ID_Only
786258,Foo Restaurant,PTP_Bengaluru,PHD_FC_BLR,PEBBLESTREETHOSPITALITYPVTLTD,"BONVIVANT GOURMET, 1st Floor, No 163, 9th Main, 3rd Cross, RMV extn, Sadashiva Nagar, Bengaluru, Karnataka 560080",Srihari M,12.97330315,77.60694494,2,"Fine_Dining, Pan_Asian, Hotel_Star",0.4,0.3,0.55,0.45,0.0,0.25,0.5,0.4,0.25,0.35,0.15,0.5,4.1,642747,"Asian, Chinese, Sushi",0,Swiggy_ID_Only
786042,Yazzu pan asian,PTP_Bengaluru,PHD_FC_BLR,Progressivemarquishospitality,"GLOBAL GOURMETZ, No. 65/1, Mission Road, Bengaluru, Bengaluru Rural, Karnataka – 560027",Sonu Varma,12.97390337169953,77.60176338650739,1,"Pan_Asian, Hotel_Star",0.4,0.3,0.55,0.45,0.0,0.25,0.5,0.4,0.25,0.35,0.15,0.5,4.1,,,0,Inference_Only
783855,Maiz Mexican Kitchen - Kondapur,PTP_Hyderabad,PHD_FC_HYD,MaizMexicanKitchen,"SRI COMPANY, GROUND FLOOR, 15-7-378, MAIN ROAD, BEGUM BAZAR, Hyderabad, Telangana, 500012",Rahul Vittalbabu,17.4542729,78.36506582,1,"Fine_Dining, Mexican",0.85,0.3,0.55,0.45,0.0,0.25,0.3,0.2,0.25,0.3,0.1,0.5,4.05,1271833,Mexican,0,Swiggy_ID_Only
783856,Maiz Mexican Kitchen - Banjara Hills,PTP_Hyderabad,PHD_FC_HYD,MaizMexicanKitchen,"SRI COMPANY, GROUND FLOOR, 15-7-378, MAIN ROAD, BEGUM BAZAR, Hyderabad, Telangana, 500012",Rahul Vittalbabu,17.40832307,78.43470013,1,"Fine_Dining, Mexican",0.85,0.3,0.55,0.45,0.0,0.25,0.3,0.2,0.25,0.3,0.1,0.5,4.05,1288549,"Mexican, Salads, Healthy Food",0,Swiggy_ID_Only
784763,Maiz Mexican Kitchen - Manikonda,PTP_Hyderabad,PHD_FC_HYD,MaizMexicanKitchen,"SRI COMPANY, GROUND FLOOR, 15-7-378, MAIN ROAD, BEGUM BAZAR, Hyderabad, Telangana, 500012",Rahul Vittalbabu,17.40097215,78.379207,1,"Fine_Dining, Mexican",0.85,0.3,0.55,0.45,0.0,0.25,0.3,0.2,0.25,0.3,0.1,0.5,4.05,1271833,Mexican,0,Swiggy_ID_Only
784764,Maiz Mexican Kitchen Indiranagar,PTP_Bengaluru,PHD_FC_BLR,MaizHospitalityPvt.Ltd.BLR,"SRI COMPANY, GROUND FLOOR, 15-7-378, MAIN ROAD, BEGUM BAZAR, Hyderabad, Telangana, 500012",Rahul Vittalbabu,12.97074816,77.64539034,1,"Fine_Dining, Mexican, Hotel_Star",0.85,0.3,0.55,0.45,0.0,0.25,0.3,0.2,0.25,0.3,0.1,0.5,4.05,1003789,Mexican,0,Swiggy_ID_Only
784831,Maiz Mexican Kitchen Koramangala,PTP_Bengaluru,PHD_FC_BLR,MaizHospitalityPvt.Ltd.BLR,"SRI COMPANY, GROUND FLOOR, 15-7-378, MAIN ROAD, BEGUM BAZAR, Hyderabad, Telangana, 500012",Rahul Vittalbabu,12.9410519,77.62441388,1,"Fine_Dining, Mexican, Hotel_Star",0.85,0.3,0.55,0.45,0.0,0.25,0.3,0.2,0.25,0.3,0.1,0.5,4.05,1267068,"Mexican, Salads, Healthy Food",0,Swiggy_ID_Only
784789,Maiz Mexican Kitechen (HRBR),PTP_Bengaluru,PHD_FC_BLR,MaizHospitalityPvt.Ltd.BLR,"SRI COMPANY, GROUND FLOOR, 15-7-378, MAIN ROAD, BEGUM BAZAR, Hyderabad, Telangana, 500012",Rahul Vittalbabu,13.0299183,77.63561388,1,"Mexican, Hotel_Star",0.85,0.3,0.55,0.45,0.0,0.25,0.3,0.2,0.25,0.3,0.1,0.5,4.05,962860,Mexican,0,Swiggy_ID_Only
786656,Moshe India- Asian Flavour Story,PTP_Hyderabad,PHD_FC_HYD,USPIZZA,"63IDEAS INFOLABS PRIVATE LIMITED (Ninjacart), 2nd Floor, Indiqube Helios Business Park, Tower E, Chandana, Kadubisanahalli, Bengaluru, Bengaluru Urban, Karnataka, 560103",Ashok kumar peddireddi,12.9394,77.6952,1,"Pan_Asian, Italian",0.15,0.0,0.7,0.6,0.0,0.0,0.5,0.4,0.45,0.35,0.15,0.65,3.95,,,0,Inference_Only
785948,"Nove, The Italian Kitchen",PTP_Hyderabad,PHD_FC_HYD,SENSEIGOURMETPVTLTD,"63IDEAS INFOLABS PRIVATE LIMITED (Ninjacart), 2nd Floor, Indiqube Helios Business Park, Tower E, Chandana, Kadubisanahalli, Bengaluru, Bengaluru Urban, Karnataka, 560103",Daggupati Aditya,17.41,78.42,1,"Fine_Dining, Italian",0.4,0.3,0.7,0.6,0.0,0.25,0.3,0.2,0.45,0.0,0.1,0.65,3.95,840055,"Italian, Pizzas, Pastas, Coffee, Salads, Beverages, Cafe, Desserts, American",0,Swiggy_ID_Only
785949,"Nove, The Italian Kitchen_Kokapet",PTP_Hyderabad,PHD_FC_HYD,SENSEIGOURMETPVTLTD,"63IDEAS INFOLABS PRIVATE LIMITED (Ninjacart), 2nd Floor, Indiqube Helios Business Park, Tower E, Chandana, Kadubisanahalli, Bengaluru, Bengaluru Urban, Karnataka, 560103",Daggupati Aditya,17.38,78.33,1,"Fine_Dining, Italian",0.4,0.3,0.7,0.6,0.0,0.25,0.3,0.2,0.45,0.0,0.1,0.65,3.95,,,0,Inference_Only
785516,Maiz (Dilshuknagar),PTP_Hyderabad,PHD_FC_HYD,MaizMexicanKitchen,"SRI COMPANY, GROUND FLOOR, 15-7-378, MAIN ROAD, BEGUM BAZAR, Hyderabad, Telangana, 500012",Ashok kumar peddireddi,17.37255198,78.53231137,1,Fine_Dining,0.8,0.3,0.55,0.45,0.0,0.25,0.3,0.2,0.25,0.0,0.1,0.5,3.7,1341819,"Mexican, Biryani, South Indian, Indian",0,Swiggy_ID_Only
785928,Haiku_Gachibowli,PTP_Hyderabad,PHD_FC_HYD,SENSEIGOURMETPVTLTD,"63IDEAS INFOLABS PRIVATE LIMITED (Ninjacart), 2nd Floor, Indiqube Helios Business Park, Tower E, Chandana, Kadubisanahalli, Bengaluru, Bengaluru Urban, Karnataka, 560103",Daggupati Aditya,17.44,78.36,1,"Fine_Dining, Health_Organic",0.7,0.6,0.55,0.35,0.25,0.35,0.15,0.0,0.2,0.0,0.0,0.4,3.55,,,0,Inference_Only
784660,Sanchez & Sriracha,PTP_Bengaluru,PHD_FC_BLR,LoungeHospitalityLLP-UBCity,"SCOOTSY LOGISTICS, Sy Nos8/1 to 55/6, Varthur Hobli, Bengaluru East Taluk, Devara Beesana Halli, Bengaluru Urban Karnataka, 560103, India",Tanmoy Das,12.97186655872184,77.59614433068636,1,"Fine_Dining, French, Hotel_Star",0.4,0.3,0.55,0.5,0.0,0.25,0.3,0.2,0.35,0.0,0.1,0.55,3.5,,,0,Inference_Only
785749,Soo Coffee,PTP_Hyderabad,PHD_FC_HYD,SVANHOSPITALITYLLP,"63IDEAS INFOLABS PRIVATE LIMITED (Ninjacart), 2nd Floor, Indiqube Helios Business Park, Tower E, Chandana, Kadubisanahalli, Bengaluru, Bengaluru Urban, Karnataka, 560103",Daggupati Aditya,17.43,78.41,1,"Cafe_Bakery, Hotel_Star",0.4,0.4,0.55,0.45,0.0,0.25,0.3,0.2,0.25,0.0,0.1,0.5,3.4,,,0,Inference_Only
786015,BAR WILD,PTP_Bengaluru,PHD_FC_BLR,CACHABREWHOSPITALITY,"GLOBAL GOURMETZ, No. 65/1, Mission Road, Bengaluru, Bengaluru Rural, Karnataka – 560027",Srihari M,12.97036867459675,77.63853988650737,2,"Fine_Dining, Cafe_Bakery, Hotel_Star",0.4,0.4,0.55,0.45,0.0,0.25,0.3,0.2,0.25,0.0,0.1,0.5,3.4,136111,"South Indian, Biryani, Desserts, Bakery",0,Swiggy_ID_Only
785988,BAR WILD,PTP_Bengaluru,PHD_FC_BLR,CACHABREWHOSPITALITYLLP,"GLOBAL GOURMETZ, No. 65/1, Mission Road, Bengaluru, Bengaluru Rural, Karnataka – 560027",Srihari M,12.9704000399045,77.63847551349261,2,"Fine_Dining, Cafe_Bakery, Hotel_Star",0.4,0.4,0.55,0.45,0.0,0.25,0.3,0.2,0.25,0.0,0.1,0.5,3.4,136111,"South Indian, Biryani, Desserts, Bakery",0,Swiggy_ID_Only
785833,Boche & Shakesbierre - Brewpub & Club,PTP_Bengaluru,PHD_FC_BLR,BREWCRAFTHOSPITALITYPVTLTD,"GLOBAL GOURMETZ, No. 65/1, Mission Road, Bengaluru, Bengaluru Rural, Karnataka – 560027",Sonu Varma,12.97107477401806,77.60731007116419,1,"Cafe_Bakery, Hotel_Star",0.4,0.4,0.55,0.45,0.0,0.25,0.3,0.2,0.25,0.0,0.1,0.5,3.4,,,0,Inference_Only
786655,Always Sunday Cafe & Bistro,PTP_Hyderabad,PHD_FC_HYD,RUDRAVOHOSPITALITYPRIVATELIMITED,"63IDEAS INFOLABS PRIVATE LIMITED (Ninjacart), 2nd Floor, Indiqube Helios Business Park, Tower E, Chandana, Kadubisanahalli, Bengaluru, Bengaluru Urban, Karnataka, 560103",Ashok kumar peddireddi,12.9394,77.6952,1,"Fine_Dining, Continental, Hotel_Star, Cafe_Bakery",0.4,0.4,0.55,0.45,0.0,0.25,0.3,0.2,0.25,0.0,0.1,0.5,3.4,,,0,Inference_Only
786654,Gobbelin Kitchen and Cafe (Fields Food Concepts),PTP_Chennai,PHD_FC_CHN,FieldsFoodConcepts,"63IDEAS INFOLABS PRIVATE LIMITED (Ninjacart), 2nd Floor, Indiqube Helios Business Park, Tower E, Chandana, Kadubisanahalli, Bengaluru, Bengaluru Urban, Karnataka, 560103",Kannan Selvam,13.01061708294725,80.25193597903142,1,"Fine_Dining, Cafe_Bakery, Food_Generic",0.4,0.4,0.55,0.45,0.0,0.25,0.3,0.2,0.25,0.0,0.1,0.5,3.4,,,0,Inference_Only
786621,The Gallery Cafe,PTP_Hyderabad,PHD_FC_HYD,BLUEBELLHOSPITALITYENTERPRISES,"63IDEAS INFOLABS PRIVATE LIMITED (Ninjacart), 2nd Floor, Indiqube Helios Business Park, Tower E, Chandana, Kadubisanahalli, Bengaluru, Bengaluru Urban, Karnataka, 560103",Ashok kumar peddireddi,12.9382779,77.690458,1,"Cafe_Bakery, Hotel_Star",0.4,0.4,0.55,0.45,0.0,0.25,0.3,0.2,0.25,0.0,0.1,0.5,3.4,636313,South Indian,0,Swiggy_ID_Only
786618,THE JOINT - Bar.Cafe,PTP_Hyderabad,PHD_FC_HYD,SODAWATERHOSPITALITY,"SS AGRO PRODUCTS, G2, PLOT NO.3, SY NO.198/123, OFFICERS COLONY, RK PURAM, NEREDMET, Medchal - Malkajgiri, Telangana, 500056",Ashok kumar peddireddi,12.9382779,77.690458,1,"Fine_Dining, Cafe_Bakery, Hotel_Star",0.4,0.4,0.55,0.45,0.0,0.25,0.3,0.2,0.25,0.0,0.1,0.5,3.4,921147,"South Indian, North Indian, Chinese, Snacks, Beverages",0,Swiggy_ID_Only
785658,Hard Rock Cafe Chennai Culinary Ocean Hospitality LLP,PTP_Chennai,PHD_FC_CHN,HardRockCafeChennaiCulinaryOceanHospitalityLLP,"SRI SAI RAM FOODS,Building No./Flat No.: 21/1,KELLYS ROAD, KILPAUK , Chennai,Tamil Nadu,PIN Code: 600010, Contact:9025292329",,13.06593443197874,80.24226611349147,1,"Fine_Dining, Cafe_Bakery, Hotel_Star",0.4,0.4,0.55,0.45,0.0,0.25,0.3,0.2,0.25,0.0,0.1,0.5,3.4,,,0,Inference_Only
783793,CAFE NOIR UB CITY,PTP_Bengaluru,PHD_FC_BLR,ECSTACYLEISUREANDHOSPITALITYPRIVATELIMITED,"ICE PURE, 18, CELLAR FLOOR, 3RD MAIN, PALACE GUTTAHALLI BENGALURU 560003",Sonu Varma,12.9717734880868,77.59592597116394,1,"Cafe_Bakery, Hotel_Star",0.4,0.4,0.55,0.45,0.0,0.25,0.3,0.2,0.25,0.0,0.1,0.5,3.4,,,0,Inference_Only
785686,Chelvies Roastery,PTP_Bengaluru,PHD_FC_BLR,ChelviesHospitalityPrivateLimited,"63IDEAS INFOLABS PRIVATE LIMITED (Ninjacart), 2nd Floor, Indiqube Helios Business Park, Tower E, Chandana, Kadubisanahalli, Bengaluru, Bengaluru Urban, Karnataka, 560103",Srihari M,12.96799491431369,77.65283213014176,1,"Cafe_Bakery, Hotel_Star",0.4,0.4,0.55,0.45,0.0,0.25,0.3,0.2,0.25,0.0,0.1,0.5,3.4,,,0,Inference_Only
783795,CAFE NOIR INDIRANAGAR,PTP_Bengaluru,PHD_FC_BLR,ECSTACYLEISUREANDHOSPITALITYPRIVATELIMITED,"ICE PURE, 18, CELLAR FLOOR, 3RD MAIN, PALACE GUTTAHALLI BENGALURU 560003",Sonu Varma,12.9702533,77.63623821,1,"Cafe_Bakery, Hotel_Star",0.4,0.4,0.55,0.45,0.0,0.25,0.3,0.2,0.25,0.0,0.1,0.5,3.4,631225,"Cafe, Italian, Continental, Pizzas, Pastas, Desserts, Beverages",0,Swiggy_ID_Only
785262,Yuki - Brewhouse and Kitchen | Koramangala,PTP_Bengaluru,PHD_FC_BLR,Yuki,"HETHUR KRISHNAPRASAD VINODPRASAD, No 243, 2nd Cross Road, 9th Main Road, Mathikere, Bengaluru, Bengaluru Urban, Karnataka – 560054",Srihari M,12.93434140772608,77.62389499947508,1,"Fine_Dining, Cafe_Bakery",0.4,0.4,0.55,0.45,0.0,0.25,0.3,0.2,0.25,0.0,0.1,0.5,3.4,551720,"Thai, Pan-Asian, Japanese",0,Swiggy_ID_Only
785871,The Bangalore Cafe,PTP_Bengaluru,PHD_FC_BLR,SilverlandHospitalityPvt.Ltd,"BONVIVANT GOURMET, 1st Floor, No 163, 9th Main, 3rd Cross, RMV extn, Sadashiva Nagar, Bengaluru, Karnataka 560080",Srihari M,12.96174778580913,77.59479315599995,1,"Cafe_Bakery, Hotel_Star",0.4,0.4,0.55,0.45,0.0,0.25,0.3,0.2,0.25,0.0,0.1,0.5,3.4,108098,"North Indian, Chaat, Chinese, Pizzas, Desserts",0,Swiggy_ID_Only
785029,Biergarten Brewery & Kitchen (Manyata),PTP_Bengaluru,PHD_FC_BLR,ShakthiFoods&BeverageServicesLLP,"BONVIVANT GOURMET, 1st Floor, No 163, 9th Main, 3rd Cross, RMV extn, Sadashiva Nagar, Bengaluru, Karnataka 560080",Tanmoy Das,13.05277535,77.61626611,1,"Fine_Dining, Cafe_Bakery, Food_Generic",0.4,0.4,0.55,0.45,0.0,0.25,0.3,0.2,0.25,0.0,0.1,0.5,3.4,1238396,"Indian, Chinese, North Indian, Italian",0,Swiggy_ID_Only
786730,Taj Fisherman's Cove Resort & Spa,PTP_Chennai,PHD_FC_CHN,TajFisherman'sCoveResort&Spa,"SRI SAI RAM FOODS,Building No./Flat No.: 21/1,KELLYS ROAD, KILPAUK , Chennai,Tamil Nadu,PIN Code: 600010, Contact:9025292329",Kaja syed Jiyavudeen Abdul Haleem,13.05971437080042,80.24771929437739,1,"Seafood, Hotel_Star",0.4,0.3,0.55,0.45,0.0,0.25,0.3,0.2,0.3,0.0,0.1,0.5,3.35,,,0,Inference_Only
786567,THE LEELA PALACE CHENNAI (A UNIT OF SCHLOSS CHENNAI PVT LTD),PTP_Chennai,PHD_FC_CHN,AUNITOFSCHLOSSCHENNAIPVTLTD,"SRI SAI RAM FOODS,Building No./Flat No.: 21/1,KELLYS ROAD, KILPAUK , Chennai,Tamil Nadu,PIN Code: 600010, Contact:9025292329",Kaja syed Jiyavudeen Abdul Haleem,13.01723614372503,80.27369950972164,1,Hotel_Star,0.4,0.3,0.55,0.45,0.0,0.25,0.3,0.2,0.25,0.0,0.15,0.5,3.35,,,0,Inference_Only
786107,ACE HOSPITALITY CONSULTING PVT LTD,PTP_Bengaluru,PHD_FC_BLR,ACEHOSPITALITYCONSULTINGPVTLTD,"SCOOTSY LOGISTICS, Sy Nos8/1 to 55/6, Varthur Hobli, Bengaluru East Taluk, Devara Beesana Halli, Bengaluru Urban Karnataka, 560103, India",Tanmoy Das,12.9209135863096,77.68584306931282,1,Hotel_Star,0.4,0.3,0.55,0.45,0.0,0.25,0.3,0.2,0.25,0.0,0.1,0.5,3.3,,,0,Inference_Only
785343,Amintiri - Caf (Museum Rd),PTP_Bengaluru,PHD_FC_BLR,KSGLHOSPITALITYCO,"BONVIVANT GOURMET, 1st Floor, No 163, 9th Main, 3rd Cross, RMV extn, Sadashiva Nagar, Bengaluru, Karnataka 560080",Srihari M,12.97380549,77.60336458,1,Hotel_Star,0.4,0.3,0.55,0.45,0.0,0.25,0.3,0.2,0.25,0.0,0.1,0.5,3.3,,,0,Inference_Only
786037,Rajpark Hotel,PTP_Chennai,PHD_FC_CHN,HotelRajparkPvtLtd,"SRI SAI RAM FOODS,Building No./Flat No.: 21/1,KELLYS ROAD, KILPAUK , Chennai,Tamil Nadu,PIN Code: 600010, Contact:9025292329",Kaja syed Jiyavudeen Abdul Haleem,13.04446707101661,80.25937621014948,1,Hotel_Star,0.4,0.3,0.55,0.45,0.0,0.25,0.3,0.2,0.25,0.0,0.1,0.5,3.3,14833,"South Indian, Meal, North Indian, Chinese, Bakery, Sweets, Beverages, Desserts, Snacks",0,Swiggy_ID_Only
786094,PARK HYATT CHENNAI,PTP_Chennai,PHD_FC_CHN,PARKHYATTCHENNAI(AUNITOFAMBATTURHOTELSPVTLTD),"SRI SAI RAM FOODS,Building No./Flat No.: 21/1,KELLYS ROAD, KILPAUK , Chennai,Tamil Nadu,PIN Code: 600010, Contact:9025292329",Sriram Rengarajan,13.01099214846997,80.22332942321275,1,Hotel_Star,0.4,0.3,0.55,0.45,0.0,0.25,0.3,0.2,0.25,0.0,0.1,0.5,3.3,,,0,Inference_Only
786257,KoKo,PTP_Bengaluru,PHD_FC_BLR,PEBBLESTREETHOSPITALITYPVTLTD,"BONVIVANT GOURMET, 1st Floor, No 163, 9th Main, 3rd Cross, RMV extn, Sadashiva Nagar, Bengaluru, Karnataka 560080",Srihari M,12.96029413227108,77.64783036969959,1,Hotel_Star,0.4,0.3,0.55,0.45,0.0,0.25,0.3,0.2,0.25,0.0,0.1,0.5,3.3,748043,"Japanese, Asian, Chinese, Sushi",0,Swiggy_ID_Only
786155,GRT Radisson Blu Hotel Meenambakkam,PTP_Chennai,PHD_FC_CHN,GRTRADISSON-(030),"SRI SAI RAM FOODS,Building No./Flat No.: 21/1,KELLYS ROAD, KILPAUK , Chennai,Tamil Nadu,PIN Code: 600010, Contact:9025292329",Kaja syed Jiyavudeen Abdul Haleem,12.99434428240185,80.18757282364015,1,Hotel_Star,0.4,0.3,0.55,0.45,0.0,0.25,0.3,0.2,0.25,0.0,0.1,0.5,3.3,,,0,Inference_Only
786156,Sheraton Grand ECR Chennai,PTP_Chennai,PHD_FC_CHN,A.R.FoundationsPrivateLimited,"SRI SAI RAM FOODS,Building No./Flat No.: 21/1,KELLYS ROAD, KILPAUK , Chennai,Tamil Nadu,PIN Code: 600010, Contact:9025292329",Kaja syed Jiyavudeen Abdul Haleem,12.74437761016639,80.23920549479979,1,Hotel_Star,0.4,0.3,0.55,0.45,0.0,0.25,0.3,0.2,0.25,0.0,0.1,0.5,3.3,,,0,Inference_Only
786170,palmmeadows resort whitefield,PTP_Bengaluru,PHD_FC_BLR,AlekhyaPropertyDevelopmentsPrivateLimited,"Alekhya Property Developments Private Limited, Palmmeadows resort , Ramagondanahalli , Varthur road , Bangalore 560066",Sonu Varma,12.96432035809223,77.7390979846564,1,Hotel_Star,0.4,0.3,0.55,0.45,0.0,0.25,0.3,0.2,0.25,0.0,0.1,0.5,3.3,,,0,Inference_Only
785177,Mad Doh,PTP_Bengaluru,PHD_FC_BLR,THRIVINGHOSPITALITYLLP,"63IDEAS INFOLABS PRIVATE LIMITED (Ninjacart), 2nd Floor, Indiqube Helios Business Park, Tower E, Chandana, Kadubisanahalli, Bengaluru, Bengaluru Urban, Karnataka, 560103",Sonu Varma,12.98523859801119,77.75105608042598,1,Hotel_Star,0.4,0.3,0.55,0.45,0.0,0.25,0.3,0.2,0.25,0.0,0.1,0.5,3.3,1328699,"Salads, Pizzas, Pastas, Italian, Continental, Mediterranean",0,Swiggy_ID_Only
785792,:Bastian Hospitality Bangaluru Private Limited,PTP_Bengaluru,PHD_FC_BLR,:BastianHospitalityBangaluruPrivateLimited,"ATLAS DISTRIBUTORS PRIVATE LIMITED, 23RD MAIN, NO 10, 2ND CROSS, JP NAGAR 2ND PHASE, MARENAHALLI BANGALORE, Bengaluru Urban, Karnataka, 560078",Tanmoy Das,12.96974354456782,77.60031258406069,1,Hotel_Star,0.4,0.3,0.55,0.45,0.0,0.25,0.3,0.2,0.25,0.0,0.1,0.5,3.3,,,0,Inference_Only
785264,Yuki - Cocktail Bar and Kitchen | Sarjapur,PTP_Bengaluru,PHD_FC_BLR,Yuki,"HETHUR KRISHNAPRASAD VINODPRASAD, No 243, 2nd Cross Road, 9th Main Road, Mathikere, Bengaluru, Bengaluru Urban, Karnataka – 560054",Srihari M,12.91295974,77.6794922,1,Fine_Dining,0.4,0.3,0.55,0.45,0.0,0.25,0.3,0.2,0.25,0.0,0.1,0.5,3.3,1079139,"Pan-Asian, Thai, Japanese",0,Swiggy_ID_Only
785155,Crimson n Clover Hospitality (Helious Business Park),PTP_Bengaluru,PHD_FC_BLR,CrimsonnCloverHospitality,"BONVIVANT GOURMET, 1st Floor, No 163, 9th Main, 3rd Cross, RMV extn, Sadashiva Nagar, Bengaluru, Karnataka 560080",Tanmoy Das,12.9387159671838,77.69064941051913,1,Hotel_Star,0.4,0.3,0.55,0.45,0.0,0.25,0.3,0.2,0.25,0.0,0.1,0.5,3.3,,,0,Inference_Only
785266,Yuki - Cocktail Bar and Kitchen | Whitefield,PTP_Bengaluru,PHD_FC_BLR,Yuki,"HETHUR KRISHNAPRASAD VINODPRASAD, No 243, 2nd Cross Road, 9th Main Road, Mathikere, Bengaluru, Bengaluru Urban, Karnataka – 560054",Srihari M,12.98916537,77.73378047,1,Fine_Dining,0.4,0.3,0.55,0.45,0.0,0.25,0.3,0.2,0.25,0.0,0.1,0.5,3.3,1167628,"Chinese, Thai, Asian, Japanese",0,Swiggy_ID_Only
785265,Yuki - Cocktail Bar and Kitchen | Indiranagar,PTP_Bengaluru,PHD_FC_BLR,Yuki,"HETHUR KRISHNAPRASAD VINODPRASAD, No 243, 2nd Cross Road, 9th Main Road, Mathikere, Bengaluru, Bengaluru Urban, Karnataka – 560054",Srihari M,12.98057893,77.64193746,1,Fine_Dining,0.4,0.3,0.55,0.45,0.0,0.25,0.3,0.2,0.25,0.0,0.1,0.5,3.3,1161482,"Chinese, Biryani, Indian, Tandoor",0,Swiggy_ID_Only
784947,Dan Hospitality,PTP_Bengaluru,PHD_FC_BLR,DanHospitality,"BONVIVANT GOURMET, 1st Floor, No 163, 9th Main, 3rd Cross, RMV extn, Sadashiva Nagar, Bengaluru, Karnataka 560080",Sonu Varma,12.98180671644802,77.59618018217463,1,Hotel_Star,0.4,0.3,0.55,0.45,0.0,0.25,0.3,0.2,0.25,0.0,0.1,0.5,3.3,,,0,Inference_Only
784834,Nombre (AJ Hospitality),PTP_Bengaluru,PHD_FC_BLR,Nombre(AJHospitality),"63IDEAS INFOLABS PRIVATE LIMITED (Ninjacart), 2nd Floor, Indiqube Helios Business Park, Tower E, Chandana, Kadubisanahalli, Bengaluru, Bengaluru Urban, Karnataka, 560103",Srihari M,12.91140079248113,77.5992289325409,1,Hotel_Star,0.4,0.3,0.55,0.45,0.0,0.25,0.3,0.2,0.25,0.0,0.1,0.5,3.3,,,0,Inference_Only
784787,Maiz(HSR),PTP_Bengaluru,PHD_FC_BLR,MaizHospitalityPvt.Ltd.BLR,"SRI COMPANY, GROUND FLOOR, 15-7-378, MAIN ROAD, BEGUM BAZAR, Hyderabad, Telangana, 500012",Rahul Vittalbabu,12.90621374,77.64421583,1,Hotel_Star,0.4,0.3,0.55,0.45,0.0,0.25,0.3,0.2,0.25,0.0,0.1,0.5,3.3,,,0,Inference_Only
784786,Maiz(Bellandur),PTP_Bengaluru,PHD_FC_BLR,MaizHospitalityPvt.Ltd.BLR,"SRI COMPANY, GROUND FLOOR, 15-7-378, MAIN ROAD, BEGUM BAZAR, Hyderabad, Telangana, 500012",Rahul Vittalbabu,12.93771479,77.70290363,1,Hotel_Star,0.4,0.3,0.55,0.45,0.0,0.25,0.3,0.2,0.25,0.0,0.1,0.5,3.3,,,0,Inference_Only
784781,OBEROI HOTEL,PTP_Bengaluru,PHD_FC_BLR,Oberoi,"BONVIVANT GOURMET, 1st Floor, No 163, 9th Main, 3rd Cross, RMV extn, Sadashiva Nagar, Bengaluru, Karnataka 560080",Sonu Varma,12.97390798121351,77.61828447928416,1,Hotel_Star,0.4,0.3,0.55,0.45,0.0,0.25,0.3,0.2,0.25,0.0,0.1,0.5,3.3,30531,"North Indian, Tandoor",0,Swiggy_ID_Only
785194,Ace Hospitality & Consulting Pvt Ltd,PTP_Bengaluru,PHD_FC_BLR,AceHospitality&ConsultingPvtLtd,"SCOOTSY LOGISTICS, Sy Nos8/1 to 55/6, Varthur Hobli, Bengaluru East Taluk, Devara Beesana Halli, Bengaluru Urban Karnataka, 560103, India",Tanmoy Das,12.95785811867695,77.74088541534424,1,Hotel_Star,0.4,0.3,0.55,0.45,0.0,0.25,0.3,0.2,0.25,0.0,0.1,0.5,3.3,,,0,Inference_Only
785342,Kai bar & Kitchen,PTP_Bengaluru,PHD_FC_BLR,EdenParkRestaurant&KaiBar&Kitchen,"BONVIVANT GOURMET, 1st Floor, No 163, 9th Main, 3rd Cross, RMV extn, Sadashiva Nagar, Bengaluru, Karnataka 560080",Tanmoy Das,12.97256431006917,77.61898052769004,1,Fine_Dining,0.4,0.3,0.55,0.45,0.0,0.25,0.3,0.2,0.25,0.0,0.1,0.5,3.3,1161482,"Chinese, Biryani, Indian, Tandoor",0,Swiggy_ID_Only
784215,6005663460,PTP_Bengaluru,PHD_FC_BLR,MaizHospitalityPvt.Ltd.BLR,"SRI COMPANY, GROUND FLOOR, 15-7-378, MAIN ROAD, BEGUM BAZAR, Hyderabad, Telangana, 500012",Rahul Vittalbabu,12.9857657164353,77.74843614418029,1,Hotel_Star,0.4,0.3,0.55,0.45,0.0,0.25,0.3,0.2,0.25,0.0,0.1,0.5,3.3,,,0,Inference_Only
786272,WOODSIDE INN,PTP_Bengaluru,PHD_FC_BLR,NEIGHBOURHOODHOSPITALITYPRIVATELIMITED,"N M POULTRY'S (LAKSHMANA NAVEENA KUMAR),Shop No. 113, 2nd Main, 3rd Cross, K.K. Layout, Kannurahalli Main Road, MV Extension, Hoskote, Bengaluru Rural, Karnataka – 562114",PT Shivasankar,12.97121041883068,77.6474348134923,1,Hotel_Star,0.4,0.3,0.55,0.45,0.0,0.25,0.3,0.2,0.25,0.0,0.1,0.5,3.3,1329459,"Continental, Italian, Burgers, Salads, Pizzas, Healthy Food, Beverages",0,Swiggy_ID_Only
785869,Mirage,PTP_Bengaluru,PHD_FC_BLR,V&ROHospitalityPrivateLimited,"N M POULTRY'S (LAKSHMANA NAVEENA KUMAR),Shop No. 113, 2nd Main, 3rd Cross, K.K. Layout, Kannurahalli Main Road, MV Extension, Hoskote, Bengaluru Rural, Karnataka – 562114",Sonu Varma,12.97566199364668,77.60252668650737,1,Hotel_Star,0.4,0.3,0.55,0.45,0.0,0.25,0.3,0.2,0.25,0.0,0.1,0.5,3.3,,,0,Inference_Only
785836,Babylon - Jubilee Hills,PTP_Hyderabad,PHD_FC_HYD,DARKHORSEHOSPITALITYANDEVENTSLLP,"SRI COMPANY, GROUND FLOOR, 15-7-378, MAIN ROAD, BEGUM BAZAR, Hyderabad, Telangana, 500012",Daggupati Aditya,17.43,78.41,1,"Catering, Hotel_Star",0.4,0.3,0.55,0.45,0.0,0.25,0.3,0.2,0.25,0.0,0.1,0.5,3.3,,,0,Inference_Only
785617,PHURR (jaynagar),PTP_Bengaluru,PHD_FC_BLR,MILLIONSTORIESHOSPITALITYSERVICESPVTLTD,"BONVIVANT GOURMET, 1st Floor, No 163, 9th Main, 3rd Cross, RMV extn, Sadashiva Nagar, Bengaluru, Karnataka 560080",Srihari M,12.93301636097718,77.58321319832811,1,Hotel_Star,0.4,0.3,0.55,0.45,0.0,0.25,0.3,0.2,0.25,0.0,0.1,0.5,3.3,,,0,Inference_Only
785496,AZUKI,PTP_Bengaluru,PHD_FC_BLR,MOGOKOROHOSPITALITY,"63IDEAS INFOLABS PRIVATE LIMITED (Ninjacart), 2nd Floor, Indiqube Helios Business Park, Tower E, Chandana, Kadubisanahalli, Bengaluru, Bengaluru Urban, Karnataka, 560103",Srihari M,12.96155257433864,77.60476046764195,1,Hotel_Star,0.4,0.3,0.55,0.45,0.0,0.25,0.3,0.2,0.25,0.0,0.1,0.5,3.3,,,0,Inference_Only
785366,Amintiri (HSR),PTP_Bengaluru,PHD_FC_BLR,KSGLHOSPITALITYCO,"BONVIVANT GOURMET, 1st Floor, No 163, 9th Main, 3rd Cross, RMV extn, Sadashiva Nagar, Bengaluru, Karnataka 560080",Srihari M,12.9119279,77.64484913,1,Hotel_Star,0.4,0.3,0.55,0.45,0.0,0.25,0.3,0.2,0.25,0.0,0.1,0.5,3.3,,,0,Inference_Only
785685,TAJ SATS AIR CATERING LTD,PTP_Chennai,PHD_FC_CHN,TAJSATSAIRCATERINGLTD,"SRI SAI RAM FOODS,Building No./Flat No.: 21/1,KELLYS ROAD, KILPAUK , Chennai,Tamil Nadu,PIN Code: 600010, Contact:9025292329",,12.97847260177603,80.15945561014841,1,"Catering, Hotel_Star",0.4,0.3,0.55,0.45,0.0,0.25,0.3,0.2,0.25,0.0,0.1,0.5,3.3,,,0,Inference_Only
786235,Feathers A Radha Hotel,PTP_Chennai,PHD_FC_CHN,RadhaRajalakshmiHotelPvtLtd,"SRI SAI RAM FOODS,Building No./Flat No.: 21/1,KELLYS ROAD, KILPAUK , Chennai,Tamil Nadu,PIN Code: 600010, Contact:9025292329",Kaja syed Jiyavudeen Abdul Haleem,13.02174817556152,80.18065807945972,1,Hotel_Star,0.4,0.3,0.55,0.45,0.0,0.25,0.3,0.2,0.25,0.0,0.1,0.5,3.3,,,0,Inference_Only
786016,MAMAGOTO,PTP_Bengaluru,PHD_FC_BLR,AzurehospitalityprivateLtd,"63IDEAS INFOLABS PRIVATE LIMITED (Ninjacart), 2nd Floor, Indiqube Helios Business Park, Tower E, Chandana, Kadubisanahalli, Bengaluru, Bengaluru Urban, Karnataka, 560103",Srihari M,12.97075201918711,77.64641205767157,1,Hotel_Star,0.4,0.3,0.55,0.45,0.0,0.25,0.3,0.2,0.25,0.0,0.1,0.5,3.3,1874,"Chinese, Asian, Pan-Asian, Thai, Oriental",0,Swiggy_ID_Only
786415,SHERATON GRAND - WHITEFIELD,PTP_Bengaluru,PHD_FC_BLR,SAICHAKRAHOTELSPvtLtd,"ATLAS DISTRIBUTORS PRIVATE LIMITED, 23RD MAIN, NO 10, 2ND CROSS, JP NAGAR 2ND PHASE, MARENAHALLI BANGALORE, Bengaluru Urban, Karnataka, 560078",Sonu Varma,12.98949439063728,77.72966076581292,1,Hotel_Star,0.4,0.3,0.55,0.45,0.0,0.25,0.3,0.2,0.25,0.0,0.1,0.5,3.3,,,0,Inference_Only
786663,Savera Industries Ltd (Savera Hotel),PTP_Chennai,PHD_FC_CHN,SaveraIndustriesLtd,"SRI SAI RAM FOODS,Building No./Flat No.: 21/1,KELLYS ROAD, KILPAUK , Chennai,Tamil Nadu,PIN Code: 600010, Contact:9025292329",Kaja syed Jiyavudeen Abdul Haleem,13.04566021434904,80.26110894041234,1,Hotel_Star,0.4,0.3,0.55,0.45,0.0,0.25,0.3,0.2,0.25,0.0,0.1,0.5,3.3,,,0,Inference_Only
786011,BABYLON-Nanakaramguda,PTP_Hyderabad,PHD_FC_HYD,MAALOLANHOSPITALITY&EVENTSLLP,"SRI COMPANY, GROUND FLOOR, 15-7-378, MAIN ROAD, BEGUM BAZAR, Hyderabad, Telangana, 500012",Daggupati Aditya,17.42,78.35,1,"Catering, Hotel_Star",0.4,0.3,0.55,0.45,0.0,0.25,0.3,0.2,0.25,0.0,0.1,0.5,3.3,,,0,Inference_Only
786602,Park Hyatt Hyderabad,PTP_Hyderabad,PHD_FC_HYD,M/SGAYATRIHITECHHOTELSLIMITED,"SS AGRO PRODUCTS, G2, PLOT NO.3, SY NO.198/123, OFFICERS COLONY, RK PURAM, NEREDMET, Medchal - Malkajgiri, Telangana, 500056",Ashok kumar peddireddi,12.9382779,77.690458,1,Hotel_Star,0.4,0.3,0.55,0.45,0.0,0.25,0.3,0.2,0.25,0.0,0.1,0.5,3.3,,,0,Inference_Only
786441,Mexe,PTP_Chennai,PHD_FC_CHN,SumacKitchenLLP,"GROUND FLOOR, 167, Samayapuram Nagar 5th street, Porur CHENNAI, Chennai, Tamil Nadu, 600116",Sriram Rengarajan,13.0318349376669,80.24942950972194,1,Fine_Dining,0.4,0.3,0.55,0.45,0.0,0.25,0.3,0.2,0.25,0.0,0.1,0.5,3.3,433470,Mexican,0,Swiggy_ID_Only
786528,CAF NOIR - WHITEFIELD,PTP_Bengaluru,PHD_FC_BLR,ECSTACYLEISUREANDHOSPITALITYPRIVATELIMITED,"BONVIVANT GOURMET, 1st Floor, No 163, 9th Main, 3rd Cross, RMV extn, Sadashiva Nagar, Bengaluru, Karnataka 560080",Sonu Varma,12.9839175,77.75104344,1,Hotel_Star,0.4,0.3,0.55,0.45,0.0,0.25,0.3,0.2,0.25,0.0,0.1,0.5,3.3,,,0,Inference_Only
786299,LAVONNE,PTP_Bengaluru,PHD_FC_BLR,LavonneHospitalityPvtLtd,"GLOBAL GOURMETZ, No. 65/1, Mission Road, Bengaluru, Bengaluru Rural, Karnataka – 560027",Srihari M,12.96139569081806,77.63678176797465,1,Hotel_Star,0.4,0.3,0.55,0.45,0.0,0.25,0.3,0.2,0.25,0.0,0.1,0.5,3.3,280216,"Cafe, Desserts, Bakery, Beverages, Pastas, Burgers",0,Swiggy_ID_Only
786416,SKYEE,PTP_Bengaluru,PHD_FC_BLR,BlackRainHospitalitypvt.ltd,"N M POULTRY'S (LAKSHMANA NAVEENA KUMAR),Shop No. 113, 2nd Main, 3rd Cross, K.K. Layout, Kannurahalli Main Road, MV Extension, Hoskote, Bengaluru Rural, Karnataka – 562114",Tanmoy Das,12.97156834325311,77.59651872883589,1,Hotel_Star,0.4,0.3,0.55,0.45,0.0,0.25,0.3,0.2,0.25,0.0,0.1,0.5,3.3,,,0,Inference_Only
786020,Hyatt Regency Chennai,PTP_Chennai,PHD_FC_CHN,ROBUSTHOTELSLIMITED-030,"SRI SAI RAM FOODS,Building No./Flat No.: 21/1,KELLYS ROAD, KILPAUK , Chennai,Tamil Nadu,PIN Code: 600010, Contact:9025292329",Kaja syed Jiyavudeen Abdul Haleem,13.04313925563479,80.24867466596858,1,Hotel_Star,0.4,0.3,0.55,0.45,0.0,0.25,0.3,0.2,0.25,0.0,0.1,0.5,3.3,,,0,Inference_Only
786442,Post Card Global Tapas Bar,PTP_Hyderabad,PHD_FC_HYD,VEDAMSAHOSPITALITYLLP,"SS AGRO PRODUCTS, G2, PLOT NO.3, SY NO.198/123, OFFICERS COLONY, RK PURAM, NEREDMET, Medchal - Malkajgiri, Telangana, 500056",Ashok kumar peddireddi,17.43,78.38,1,"Fine_Dining, Hotel_Star",0.4,0.3,0.55,0.45,0.0,0.25,0.3,0.2,0.25,0.0,0.1,0.5,3.3,948112,"Andhra, Biryani, South Indian, Hyderabadi, Indian, Rayalaseema, Telangana, Pizzas, Pastas, Cafe",0,Swiggy_ID_Only
786453,GNOME BAR & KITCHEN,PTP_Bengaluru,PHD_FC_BLR,MYKONBINIVENTURESPRIVATELIMITED,"GLOBAL GOURMETZ, No. 65/1, Mission Road, Bengaluru, Bengaluru Rural, Karnataka – 560027",Tanmoy Das,12.93728759898277,77.69304914464844,1,Fine_Dining,0.4,0.3,0.55,0.45,0.0,0.25,0.3,0.2,0.25,0.0,0.1,0.5,3.3,1001903,"Andhra, Chinese, Indian",0,Swiggy_ID_Only
786522,KOKO - HITECH CITY,PTP_Hyderabad,PHD_FC_HYD,PEBBLESTREETHOSPITALITYPRIVATELIMITED,"BONVIVANT GOURMET, 1st Floor, No 163, 9th Main, 3rd Cross, RMV extn, Sadashiva Nagar, Bengaluru, Karnataka 560080",Srihari M,17.70755227,78.28142908,1,Hotel_Star,0.4,0.3,0.55,0.45,0.0,0.25,0.3,0.2,0.25,0.0,0.1,0.5,3.3,,,0,Inference_Only
786524,Black Orchid Restobar - Anna Nagar,PTP_Chennai,PHD_FC_CHN,SEVENTHSENSEHOSPITALITYLLP,"SRI SAI RAM FOODS,Building No./Flat No.: 21/1,KELLYS ROAD, KILPAUK , Chennai,Tamil Nadu,PIN Code: 600010, Contact:9025292329",Kaja syed Jiyavudeen Abdul Haleem,13.0895499542287,80.2236246567281,1,"Fine_Dining, Catering, Hotel_Star",0.4,0.3,0.55,0.45,0.0,0.25,0.3,0.2,0.25,0.0,0.1,0.5,3.3,,,0,Inference_Only
786019,Italia on the Go,PTP_Chennai,PHD_FC_CHN,ItalianGourmetMakersPvtLtd-Imd,"SRI SAI RAM FOODS,Building No./Flat No.: 21/1,KELLYS ROAD, KILPAUK , Chennai,Tamil Nadu,PIN Code: 600010, Contact:9025292329",Kaja syed Jiyavudeen Abdul Haleem,13.08332124097267,80.24228836596929,1,"Fine_Dining, Italian",0.3,0.2,0.7,0.6,0.0,0.2,0.15,0.0,0.45,0.0,0.0,0.65,3.25,860538,Italian,0,Swiggy_ID_Only
786613,Sicily - Italian Fine dine,PTP_Chennai,PHD_FC_CHN,M/SBRONIES,"63IDEAS INFOLABS PRIVATE LIMITED (Ninjacart), 2nd Floor, Indiqube Helios Business Park, Tower E, Chandana, Kadubisanahalli, Bengaluru, Bengaluru Urban, Karnataka, 560103",Sriram Rengarajan,13.00139187860372,80.25926053670379,1,"Fine_Dining, Italian",0.3,0.2,0.7,0.6,0.0,0.2,0.15,0.0,0.45,0.0,0.0,0.65,3.25,,,0,Inference_Only
786477,Mexarosa - Authentic Mexican Restaurant,PTP_Hyderabad,PHD_FC_HYD,MONDOFOODSLLP,"SS AGRO PRODUCTS, G2, PLOT NO.3, SY NO.198/123, OFFICERS COLONY, RK PURAM, NEREDMET, Medchal - Malkajgiri, Telangana, 500056",Ashok kumar peddireddi,17.43,78.4,1,"Fine_Dining, Mexican",0.85,0.2,0.55,0.35,0.0,0.2,0.15,0.0,0.2,0.3,0.0,0.4,3.2,,,0,Inference_Only
771807,Airport California Burrito,PTP_Chennai,PHD_FC_CHN,BURRITO RESTAURANTS PRIVATE LIMITED,"FCSBazaar,1 street No 28,kalki nagar,arumbakkam,Chennai,Tamil Nadu 600106,Contact : 9884774144",Rahul Vittalbabu,12.981736,80.165505,1,"Fine_Dining, Mexican",0.85,0.2,0.55,0.35,0.0,0.2,0.15,0.0,0.2,0.3,0.0,0.4,3.2,,,0,Inference_Only
773315,california burrito marina mall,PTP_Chennai,PHD_FC_CHN,BURRITO RESTAURANTS PRIVATE LIMITED,"FCSBazaar,1 street No 28,kalki nagar,arumbakkam,Chennai,Tamil Nadu 600106,Contact : 9884774144",Rahul Vittalbabu,12.83647906,80.23002195,1,"Fine_Dining, Mexican",0.85,0.2,0.55,0.35,0.0,0.2,0.15,0.0,0.2,0.3,0.0,0.4,3.2,1012828,"Mexican, American, Salads, Continental, Keto, Healthy Food, Beverages, Snacks, Desserts, Fast Food",0,Swiggy_ID_Only
774193,california burrito-phoenix mall,PTP_Chennai,PHD_FC_CHN,BURRITO RESTAURANTS PRIVATE LIMITED,"FCSBazaar,1 street No 28,kalki nagar,arumbakkam,Chennai,Tamil Nadu 600106,Contact : 9884774144",Rahul Vittalbabu,12.9914531,80.21706975,1,"Fine_Dining, Mexican",0.85,0.2,0.55,0.35,0.0,0.2,0.15,0.0,0.2,0.3,0.0,0.4,3.2,792705,"Mexican, American, Salads, Continental, Keto, Healthy Food, Beverages, Snacks, Desserts, Fast Food",0,Swiggy_ID_Only
775842,california burrito-dlf,PTP_Chennai,PHD_FC_CHN,BURRITO RESTAURANTS PRIVATE LIMITED,"FCSBazaar,1 street No 28,kalki nagar,arumbakkam,Chennai,Tamil Nadu 600106,Contact : 9884774144",,12.98360802,80.24754874,1,"Fine_Dining, Mexican",0.85,0.2,0.55,0.35,0.0,0.2,0.15,0.0,0.2,0.3,0.0,0.4,3.2,,,0,Inference_Only
776502,california burrito - padur,PTP_Chennai,PHD_FC_CHN,BURRITO RESTAURANTS PRIVATE LIMITED,"FCSBazaar,1 street No 28,kalki nagar,arumbakkam,Chennai,Tamil Nadu 600106,Contact : 9884774144",Rahul Vittalbabu,12.794467,80.222952,1,"Fine_Dining, Mexican",0.85,0.2,0.55,0.35,0.0,0.2,0.15,0.0,0.2,0.3,0.0,0.4,3.2,,,0,Inference_Only
780319,california burritto chromepet,PTP_Chennai,PHD_FC_CHN,BURRITO RESTAURANTS PRIVATE LIMITED,"FCSBazaar,1 street No 28,kalki nagar,arumbakkam,Chennai,Tamil Nadu 600106,Contact : 9884774144",Rahul Vittalbabu,12.949379,80.138921,1,"Fine_Dining, Mexican",0.85,0.2,0.55,0.35,0.0,0.2,0.15,0.0,0.2,0.3,0.0,0.4,3.2,,,0,Inference_Only
783737,California Burrito Ambattur,PTP_Chennai,PHD_FC_CHN,BURRITO RESTAURANTS PRIVATE LIMITED,"FCSBazaar,1 street No 28,kalki nagar,arumbakkam,Chennai,Tamil Nadu 600106,Contact : 9884774144",Rahul Vittalbabu,13.12626662,80.15346453,1,"Fine_Dining, Mexican",0.85,0.2,0.55,0.35,0.0,0.2,0.15,0.0,0.2,0.3,0.0,0.4,3.2,,,0,Inference_Only
771125,California Burrito,PTP_Chennai,PHD_FC_CHN,BURRITO RESTAURANTS PRIVATE LIMITED,"FCSBazaar,1 street No 28,kalki nagar,arumbakkam,Chennai,Tamil Nadu 600106,Contact : 9884774144",Rahul Vittalbabu,13.11675546,80.22823023,1,"Fine_Dining, Mexican",0.85,0.2,0.55,0.35,0.0,0.2,0.15,0.0,0.2,0.3,0.0,0.4,3.2,973192,"Mexican, American, Salads, Continental, Keto, Healthy Food, Beverages, Snacks, Desserts, Fast Food",0,Swiggy_ID_Only
783736,California Burrito DLF (Porur),PTP_Chennai,PHD_FC_CHN,BURRITO RESTAURANTS PRIVATE LIMITED,"FCSBazaar,1 street No 28,kalki nagar,arumbakkam,Chennai,Tamil Nadu 600106,Contact : 9884774144",Rahul Vittalbabu,13.02245192,80.17545667,1,"Fine_Dining, Mexican",0.85,0.2,0.55,0.35,0.0,0.2,0.15,0.0,0.2,0.3,0.0,0.4,3.2,996472,"Mexican, American, Salads, Continental, Keto, Healthy Food, Beverages, Snacks, Desserts, Fast Food",0,Swiggy_ID_Only
786417,SALAD ROOTS,PTP_Bengaluru,PHD_FC_BLR,SALADROOTS,"63IDEAS INFOLABS PRIVATE LIMITED (Ninjacart), 2nd Floor, Indiqube Helios Business Park, Tower E, Chandana, Kadubisanahalli, Bengaluru, Bengaluru Urban, Karnataka, 560103",Tanmoy Das,12.95682354025969,77.71691762698461,1,Health_Organic,0.7,0.6,0.6,0.35,0.25,0.35,0.0,0.0,0.0,0.0,0.0,0.3,3.15,985424,"Gourmet, Salad, Mexican, Healthy Food, Lebanese, Juices, Pastas, Italian",0,Swiggy_ID_Only
778418,Amicus Natural Products Private Limited (Salad days),PTP_Bengaluru,PHD_FC_BLR,AmicusNaturalProductsPrivateLimited,"Amicus Natural Products Private Limited (Salad days)  48/2B, B1 SKS Compund Garve Bhavi Palya, Near Kudlugate, Hosur Main Road, Banglore - 560068",Rahul Vittalbabu,12.8937465670586,77.64216624995545,1,Health_Organic,0.7,0.6,0.6,0.35,0.25,0.35,0.0,0.0,0.0,0.0,0.0,0.3,3.15,,,0,Inference_Only
784854,Banglore Salad Co,PTP_Bengaluru,PHD_FC_BLR,BangaloreSaladCo,"63IDEAS INFOLABS PRIVATE LIMITED (Ninjacart), 2nd Floor, Indiqube Helios Business Park, Tower E, Chandana, Kadubisanahalli, Bengaluru, Bengaluru Urban, Karnataka, 560103",Tanmoy Das,12.91891426090893,77.649708538805,1,Health_Organic,0.7,0.6,0.6,0.35,0.25,0.35,0.0,0.0,0.0,0.0,0.0,0.3,3.15,958713,"Salads, Healthy Food, Snacks",0,Swiggy_ID_Only
786110,Stellar Gelato & Cafe,PTP_Chennai,PHD_FC_CHN,EataliaFoodsLLP,"63IDEAS INFOLABS PRIVATE LIMITED (Ninjacart), 2nd Floor, Indiqube Helios Business Park, Tower E, Chandana, Kadubisanahalli, Bengaluru, Bengaluru Urban, Karnataka, 560103",Sriram Rengarajan,12.90550305962185,80.24897432321076,1,"Cafe_Bakery, Italian",0.35,0.4,0.7,0.6,0.0,0.0,0.0,0.0,0.45,0.0,0.0,0.65,3.15,1076815,Italian,0,Swiggy_ID_Only
785979,Ur life cafe,PTP_Hyderabad,PHD_FC_HYD,URLIFELIFESTYLEWELLNESSLIMITED,"63IDEAS INFOLABS PRIVATE LIMITED (Ninjacart), 2nd Floor, Indiqube Helios Business Park, Tower E, Chandana, Kadubisanahalli, Bengaluru, Bengaluru Urban, Karnataka, 560103",Daggupati Aditya,17.42,78.41,1,"Cafe_Bakery, Health_Organic",0.7,0.6,0.55,0.3,0.25,0.35,0.0,0.0,0.0,0.0,0.0,0.3,3.05,1196,"Indian, Continental, Italian",0,Swiggy_ID_Only
785514,MOONBOWL,PTP_Bengaluru,PHD_FC_BLR,SWATHYRAVINDRAN,"63IDEAS INFOLABS PRIVATE LIMITED (Ninjacart), 2nd Floor, Indiqube Helios Business Park, Tower E, Chandana, Kadubisanahalli, Bengaluru, Bengaluru Urban, Karnataka, 560103",Srihari M,12.96376970156344,77.64931130185056,1,Health_Organic,0.7,0.6,0.55,0.3,0.25,0.35,0.0,0.0,0.0,0.0,0.0,0.3,3.05,1027150,"Bakery, Salads, Healthy Food",0,Swiggy_ID_Only
785297,HEALTH & BEYOND FOODS PRIVATE LIMITED (Flax Cafe),PTP_Bengaluru,PHD_FC_BLR,HEALTH&BEYONDFOODSPRIVATELIMITED,"SCOOTSY LOGISTICS, Sy Nos8/1 to 55/6, Varthur Hobli, Bengaluru East Taluk, Devara Beesana Halli, Bengaluru Urban Karnataka, 560103, India",Srihari M,12.96887805169609,77.63611651534424,1,"Cafe_Bakery, Health_Organic, Food_Generic",0.7,0.6,0.55,0.3,0.25,0.35,0.0,0.0,0.0,0.0,0.0,0.3,3.05,,,0,Inference_Only
786089,Mex Bowl Inc,PTP_Chennai,PHD_FC_CHN,MexBowlInc,"SRI SAI RAM FOODS,Building No./Flat No.: 21/1,KELLYS ROAD, KILPAUK , Chennai,Tamil Nadu,PIN Code: 600010, Contact:9025292329",Kaja syed Jiyavudeen Abdul Haleem,13.03424923562575,80.24691606368677,1,Health_Organic,0.7,0.6,0.55,0.3,0.25,0.35,0.0,0.0,0.0,0.0,0.0,0.3,3.05,167927,"Mexican, Continental, American",0,Swiggy_ID_Only
784904,THE GREEN LEAF,PTP_Bengaluru,PHD_FC_BLR,THEGREENLEAF,"63IDEAS INFOLABS PRIVATE LIMITED (Ninjacart), 2nd Floor, Indiqube Helios Business Park, Tower E, Chandana, Kadubisanahalli, Bengaluru, Bengaluru Urban, Karnataka, 560103",Srihari M,12.95949853895524,77.60612386963204,1,Health_Organic,0.7,0.6,0.55,0.3,0.25,0.35,0.0,0.0,0.0,0.0,0.0,0.3,3.05,,,0,Inference_Only
786066,Nippon Japanese restaurant,PTP_Chennai,PHD_FC_CHN,NipponJapaneserestaurant,"63IDEAS INFOLABS PRIVATE LIMITED (Ninjacart), 2nd Floor, Indiqube Helios Business Park, Tower E, Chandana, Kadubisanahalli, Bengaluru, Bengaluru Urban, Karnataka, 560103",Kaja syed Jiyavudeen Abdul Haleem,13.03546218696986,80.24759732135932,1,"Fine_Dining, Japanese",0.5,0.2,0.4,0.35,0.0,0.2,0.15,0.0,0.2,0.0,0.45,0.4,2.85,,,0,Inference_Only
785946,Hokkaido Japanese Restaurant,PTP_Chennai,PHD_FC_CHN,HokkaidoJapaneseRestaurant,"63IDEAS INFOLABS PRIVATE LIMITED (Ninjacart), 2nd Floor, Indiqube Helios Business Park, Tower E, Chandana, Kadubisanahalli, Bengaluru, Bengaluru Urban, Karnataka, 560103",Kaja syed Jiyavudeen Abdul Haleem,13.03327979383368,80.25253479379377,1,"Fine_Dining, Japanese",0.5,0.2,0.4,0.35,0.0,0.2,0.15,0.0,0.2,0.0,0.45,0.4,2.85,860692,"Japanese, rolls",0,Swiggy_ID_Only
785708,Tiger Lily - Cafe and Bistro,PTP_Hyderabad,PHD_FC_HYD,MONDOFOODSLLP,"SRI COMPANY, GROUND FLOOR, 15-7-378, MAIN ROAD, BEGUM BAZAR, Hyderabad, Telangana, 500012",Ashok kumar peddireddi,17.44,78.41,2,"Fine_Dining, Continental, Cafe_Bakery",0.35,0.4,0.45,0.45,0.0,0.25,0.15,0.0,0.2,0.0,0.0,0.5,2.75,,,0,Inference_Only
785734,Tiger Lily - Cafe and Bistro,PTP_Hyderabad,PHD_FC_HYD,MONDOFOODSLLP,"SRI COMPANY, GROUND FLOOR, 15-7-378, MAIN ROAD, BEGUM BAZAR, Hyderabad, Telangana, 500012",Ashok kumar peddireddi,17.41,78.34,2,"Fine_Dining, Continental, Cafe_Bakery",0.35,0.4,0.45,0.45,0.0,0.25,0.15,0.0,0.2,0.0,0.0,0.5,2.75,,,0,Inference_Only
786056,Brews & Beyond Bistro Private Limited,PTP_Chennai,PHD_FC_CHN,Brews&BeyondBistroPrivateLimited,"63IDEAS INFOLABS PRIVATE LIMITED (Ninjacart), 2nd Floor, Indiqube Helios Business Park, Tower E, Chandana, Kadubisanahalli, Bengaluru, Bengaluru Urban, Karnataka, 560103",Sriram Rengarajan,12.99561585204802,80.26883720972127,1,"Fine_Dining, Continental, Cafe_Bakery",0.35,0.4,0.45,0.45,0.0,0.25,0.15,0.0,0.2,0.0,0.0,0.5,2.75,,,0,Inference_Only
785526,THE BLOOM Cafe & Patisserie,PTP_Bengaluru,PHD_FC_BLR,THEBLOOMCafe&Patisserie,"63IDEAS INFOLABS PRIVATE LIMITED (Ninjacart), 2nd Floor, Indiqube Helios Business Park, Tower E, Chandana, Kadubisanahalli, Bengaluru, Bengaluru Urban, Karnataka, 560103",Srihari M,12.92636608342857,77.58973820811957,1,"Cafe_Bakery, French",0.35,0.4,0.45,0.5,0.0,0.0,0.0,0.0,0.35,0.0,0.0,0.55,2.6,1007067,Continental,0,Swiggy_ID_Only
785212,CHEBEL PATISSERIE,PTP_Bengaluru,PHD_FC_BLR,CHEBELPATISSERIE,"63IDEAS INFOLABS PRIVATE LIMITED (Ninjacart), 2nd Floor, Indiqube Helios Business Park, Tower E, Chandana, Kadubisanahalli, Bengaluru, Bengaluru Urban, Karnataka, 560103",Srihari M,12.90627742770778,77.59127922346251,1,"Cafe_Bakery, French",0.35,0.4,0.45,0.5,0.0,0.0,0.0,0.0,0.35,0.0,0.0,0.55,2.6,29783,"Bakery, Desserts, Sweets, Ice Cream",0,Swiggy_ID_Only
785781,Summer Bistro,PTP_Hyderabad,PHD_FC_HYD,INDIANASUMMERRESTAURANTS,"63IDEAS INFOLABS PRIVATE LIMITED (Ninjacart), 2nd Floor, Indiqube Helios Business Park, Tower E, Chandana, Kadubisanahalli, Bengaluru, Bengaluru Urban, Karnataka, 560103",Daggupati Aditya,17.43000710770934,78.424481737009,1,"Fine_Dining, Continental",0.3,0.25,0.45,0.45,0.0,0.25,0.15,0.0,0.2,0.0,0.0,0.5,2.55,1263584,"Italian, Mexican, Cafe",0,Swiggy_ID_Only
785838,Jonah's Bistro VR Mall,PTP_Chennai,PHD_FC_CHN,Jonah'sBistro(PaulsonsBeauty&FashionPrivateLimited),"SRI SAI RAM FOODS,Building No./Flat No.: 21/1,KELLYS ROAD, KILPAUK , Chennai,Tamil Nadu,PIN Code: 600010, Contact:9025292329",,13.0807960287792,80.19682505767237,1,"Fine_Dining, Continental",0.3,0.25,0.45,0.45,0.0,0.25,0.15,0.0,0.2,0.0,0.0,0.5,2.55,,,0,Inference_Only
785978,Roast CCX - Coffee & Culinary Xperience - Banjarahills,PTP_Hyderabad,PHD_FC_HYD,ATOZFOODVENTURESLLP,"SS AGRO PRODUCTS, G2, PLOT NO.3, SY NO.198/123, OFFICERS COLONY, RK PURAM, NEREDMET, Medchal - Malkajgiri, Telangana, 500056",Ashok kumar peddireddi,17.42,78.43,1,"Fine_Dining, Cafe_Bakery",0.35,0.4,0.4,0.35,0.0,0.2,0.15,0.0,0.2,0.0,0.0,0.4,2.45,985481,"Cafe, Desserts, South Indian, North Indian, Asian, Continental",0,Swiggy_ID_Only
785785,HAIKU_Banjarahills,PTP_Hyderabad,PHD_FC_HYD,SENSEIGOURMETPVTLTD,"63IDEAS INFOLABS PRIVATE LIMITED (Ninjacart), 2nd Floor, Indiqube Helios Business Park, Tower E, Chandana, Kadubisanahalli, Bengaluru, Bengaluru Urban, Karnataka, 560103",Daggupati Aditya,17.41,78.43,1,Fine_Dining,0.3,0.2,0.45,0.35,0.0,0.2,0.15,0.0,0.2,0.0,0.0,0.4,2.25,,,0,Inference_Only
785782,HAIKU,PTP_Hyderabad,PHD_FC_HYD,SENSEIGOURMETPVTLTD,"63IDEAS INFOLABS PRIVATE LIMITED (Ninjacart), 2nd Floor, Indiqube Helios Business Park, Tower E, Chandana, Kadubisanahalli, Bengaluru, Bengaluru Urban, Karnataka, 560103",Daggupati Aditya,17.41231524152062,78.43046274070983,1,Fine_Dining,0.3,0.2,0.45,0.35,0.0,0.2,0.15,0.0,0.2,0.0,0.0,0.4,2.25,22964,"Pan-Asian, Sushi, Chinese, Japanese, Salads, Indonesian, Beverages, Bubble Tea, Seafood, Malaysian",0,Swiggy_ID_Only
786560,Amiel Gourmet,PTP_Bengaluru,PHD_FC_BLR,COMPTOIRSDUBONHEURRESTAURANTSPRIVATELIMITED,"N M POULTRY'S (LAKSHMANA NAVEENA KUMAR),Shop No. 113, 2nd Main, 3rd Cross, K.K. Layout, Kannurahalli Main Road, MV Extension, Hoskote, Bengaluru Rural, Karnataka – 562114",Sonu Varma,13.06090494002404,77.58113515281438,1,Fine_Dining,0.3,0.2,0.45,0.35,0.0,0.2,0.15,0.0,0.2,0.0,0.0,0.4,2.25,108064,"Continental, European, Bakery, Pastas, Pizzas, Desserts",0,Swiggy_ID_Only
786091,Black Orchid Restobar,PTP_Chennai,PHD_FC_CHN,BlackOrchidRestobar,"SRI SAI RAM FOODS,Building No./Flat No.: 21/1,KELLYS ROAD, KILPAUK , Chennai,Tamil Nadu,PIN Code: 600010, Contact:9025292329",Kaja syed Jiyavudeen Abdul Haleem,13.02781785722421,80.25288245019544,1,Fine_Dining,0.3,0.2,0.4,0.35,0.0,0.2,0.15,0.0,0.2,0.0,0.0,0.4,2.2,372036,"Pan-Asian, Japanese, Continental, Italian",0,Swiggy_ID_Only
786413,MONKEY BAR,PTP_Bengaluru,PHD_FC_BLR,OLIVEBEACH,"ATLAS DISTRIBUTORS PRIVATE LIMITED, 23RD MAIN, NO 10, 2ND CROSS, JP NAGAR 2ND PHASE, MARENAHALLI BANGALORE, Bengaluru Urban, Karnataka, 560078",Sonu Varma,12.97512232,77.60288313,1,Fine_Dining,0.3,0.2,0.4,0.35,0.0,0.2,0.15,0.0,0.2,0.0,0.0,0.4,2.2,1233356,"American, European, Asian",0,Swiggy_ID_Only
786232,Brown Table Restaurant,PTP_Bengaluru,PHD_FC_BLR,LimitedLiabilityPartnership,"63IDEAS INFOLABS PRIVATE LIMITED (Ninjacart), 2nd Floor, Indiqube Helios Business Park, Tower E, Chandana, Kadubisanahalli, Bengaluru, Bengaluru Urban, Karnataka, 560103",Sonu Varma,13.01563730935449,77.5742809987609,1,Fine_Dining,0.3,0.2,0.4,0.35,0.0,0.2,0.15,0.0,0.2,0.0,0.0,0.4,2.2,,,0,Inference_Only
786385,Limited Edition - Social Dining,PTP_Chennai,PHD_FC_CHN,KPPARKSPORTSCLUB,"63IDEAS INFOLABS PRIVATE LIMITED (Ninjacart), 2nd Floor, Indiqube Helios Business Park, Tower E, Chandana, Kadubisanahalli, Bengaluru, Bengaluru Urban, Karnataka, 560103",Sriram Rengarajan,13.0071749334465,80.25368170972146,1,Fine_Dining,0.3,0.2,0.4,0.35,0.0,0.2,0.15,0.0,0.2,0.0,0.0,0.4,2.2,940205,"Continental, Italian",0,Swiggy_ID_Only
786270,Neemsi Restaurant,PTP_Bengaluru,PHD_FC_BLR,NeemsiRestaurant,"ATLAS DISTRIBUTORS PRIVATE LIMITED, 23RD MAIN, NO 10, 2ND CROSS, JP NAGAR 2ND PHASE, MARENAHALLI BANGALORE, Bengaluru Urban, Karnataka, 560078",Sonu Varma,12.90623067296292,77.5825587769356,1,Fine_Dining,0.3,0.2,0.4,0.35,0.0,0.2,0.15,0.0,0.2,0.0,0.0,0.4,2.2,1066605,"North Indian, Chaat, Chinese, South Indian, Fast Food, Snacks, sandwich, Burger, pizza, Pasta",0,Swiggy_ID_Only
786010,Pumpkin Tales Restaurant,PTP_Chennai,PHD_FC_CHN,PumpkinTalesRestaurant,"SRI SAI RAM FOODS,Building No./Flat No.: 21/1,KELLYS ROAD, KILPAUK , Chennai,Tamil Nadu,PIN Code: 600010, Contact:9025292329",Kaja syed Jiyavudeen Abdul Haleem,13.03398184071678,80.2551623213593,1,Fine_Dining,0.3,0.2,0.4,0.35,0.0,0.2,0.15,0.0,0.2,0.0,0.0,0.4,2.2,38154,"Asian, Italian, American",0,Swiggy_ID_Only
786527,Sante Spa Cuisine (KALMIA FOODS PVT LTD),PTP_Chennai,PHD_FC_CHN,KALMIAFOODSPVTLTD,"SRI SAI RAM FOODS,Building No./Flat No.: 21/1,KELLYS ROAD, KILPAUK , Chennai,Tamil Nadu,PIN Code: 600010, Contact:9025292329",Kaja syed Jiyavudeen Abdul Haleem,13.06104511037077,80.25198967903232,1,"Fine_Dining, Food_Generic",0.3,0.2,0.4,0.35,0.0,0.2,0.15,0.0,0.2,0.0,0.0,0.4,2.2,182610,"European, Asian, Italian",0,Swiggy_ID_Only
785890,FFL CUISINES PVT.LTD.,PTP_Chennai,PHD_FC_CHN,FFLCUISINESPVT.LTD.,"SRI SAI RAM FOODS,Building No./Flat No.: 21/1,KELLYS ROAD, KILPAUK , Chennai,Tamil Nadu,PIN Code: 600010, Contact:9025292329",Kaja syed Jiyavudeen Abdul Haleem,13.06242145012157,80.24552294232764,1,Fine_Dining,0.3,0.2,0.4,0.35,0.0,0.2,0.15,0.0,0.2,0.0,0.0,0.4,2.2,,,0,Inference_Only
771259,CALIFORNIA BURRITO WAREHOUSE,PTP_Hyderabad,PHD_FC_HYD,CB-PHD,"CALIFORNIA BURRITO, 2ND FLOOR, UNIT NO - S 06,09, INORBIT MALL, SURVEY NO-64, MADHAPUR VILLAGE, Rangareddy, Telangana, 500081,SITE: Central Warehouse",Rahul Vittalbabu,17.587273,78.5104579,1,"Mexican, Food_Generic",0.85,0.0,0.55,0.0,0.0,0.0,0.0,0.0,0.0,0.3,0.0,0.0,1.7,,,0,Inference_Only
785169,Daily Sushi Jayanagar,PTP_Bengaluru,PHD_FC_BLR,Dailysushi,"63IDEAS INFOLABS PRIVATE LIMITED (Ninjacart), 2nd Floor, Indiqube Helios Business Park, Tower E, Chandana, Kadubisanahalli, Bengaluru, Bengaluru Urban, Karnataka, 560103",Sonu Varma,12.92731191,77.5907129,1,"Japanese, Sushi_Specific",0.6,0.0,0.0,0.0,0.0,0.0,0.0,0.0,0.0,0.0,0.5,0.1,1.2,474244,"Korean, Japanese, Pan-Asian",0,Swiggy_ID_Only
785655,Chika coffee Roasters LLP,PTP_Hyderabad,PHD_FC_HYD,ChikacoffeeRoastersLLP,"SURVEY No:92 PART MALAKUTA BAVI KOMPALLY QUTHBULLAPUR, Hyderabad, Telangana, India - 500014",Daggupati Aditya,17.43,78.44,1,Cafe_Bakery,0.35,0.4,0.2,0.0,0.0,0.0,0.0,0.0,0.0,0.0,0.0,0.25,1.2,,,0,Inference_Only
785707,Brewtique Speciality Coffee,PTP_Hyderabad,PHD_FC_HYD,THUNDERBOLTFOODSPRIVATELIMITED,"SRI COMPANY, GROUND FLOOR, 15-7-378, MAIN ROAD, BEGUM BAZAR, Hyderabad, Telangana, 500012",Ashok kumar peddireddi,17.43,78.41,1,Cafe_Bakery,0.35,0.4,0.2,0.0,0.0,0.0,0.0,0.0,0.0,0.0,0.0,0.25,1.2,,,0,Inference_Only
785730,Urban Nemo Cafe & Garden,PTP_Hyderabad,PHD_FC_HYD,URBANNEMO,"63IDEAS INFOLABS PRIVATE LIMITED (Ninjacart), 2nd Floor, Indiqube Helios Business Park, Tower E, Chandana, Kadubisanahalli, Bengaluru, Bengaluru Urban, Karnataka, 560103",Daggupati Aditya,17.43,78.42,1,Cafe_Bakery,0.35,0.4,0.2,0.0,0.0,0.0,0.0,0.0,0.0,0.0,0.0,0.25,1.2,,,0,Inference_Only
785616,CHIN LUNG BREWERY INDIRANAGAR,PTP_Bengaluru,PHD_FC_BLR,LeisureEntertainmentPartnershipEnterprise,"63IDEAS INFOLABS PRIVATE LIMITED (Ninjacart), 2nd Floor, Indiqube Helios Business Park, Tower E, Chandana, Kadubisanahalli, Bengaluru, Bengaluru Urban, Karnataka, 560103",Srihari M,12.96925786519098,77.64154448465682,1,Cafe_Bakery,0.35,0.4,0.2,0.0,0.0,0.0,0.0,0.0,0.0,0.0,0.0,0.25,1.2,,,0,Inference_Only
785744,Kana By Coffee mechanics,PTP_Bengaluru,PHD_FC_BLR,KanaByCoffeemechanics,"63IDEAS INFOLABS PRIVATE LIMITED (Ninjacart), 2nd Floor, Indiqube Helios Business Park, Tower E, Chandana, Kadubisanahalli, Bengaluru, Bengaluru Urban, Karnataka, 560103",Tanmoy Das,13.03429758417497,77.63850881719374,1,Cafe_Bakery,0.35,0.4,0.2,0.0,0.0,0.0,0.0,0.0,0.0,0.0,0.0,0.25,1.2,743856,"Continental, Pizzas, Burgers",0,Swiggy_ID_Only
785783,Brewtiful,PTP_Hyderabad,PHD_FC_HYD,BREWTIFULCOFFEELLP,"Plot No. 564 A-39, Road No. 92, MLA Colony, Jubilee Hills, Hyderabad, Telangana 500034",Daggupati Aditya,17.41471096536133,78.42193298118771,1,Cafe_Bakery,0.35,0.4,0.2,0.0,0.0,0.0,0.0,0.0,0.0,0.0,0.0,0.25,1.2,964449,"Desserts, Beverages, Cafe",0,Swiggy_ID_Only
785711,Grano - Coffee Affairs,PTP_Hyderabad,PHD_FC_HYD,Grano-CoffeeAffairs,"63IDEAS INFOLABS PRIVATE LIMITED (Ninjacart), 2nd Floor, Indiqube Helios Business Park, Tower E, Chandana, Kadubisanahalli, Bengaluru, Bengaluru Urban, Karnataka, 560103",Daggupati Aditya,17.43,78.41,1,Cafe_Bakery,0.35,0.4,0.2,0.0,0.0,0.0,0.0,0.0,0.0,0.0,0.0,0.25,1.2,1057629,"Beverages, Cafe",0,Swiggy_ID_Only
786684,Cafe Eclat,PTP_Hyderabad,PHD_FC_HYD,PURPLECOWFOODSPRIVATELIMITED,"63IDEAS INFOLABS PRIVATE LIMITED (Ninjacart), 2nd Floor, Indiqube Helios Business Park, Tower E, Chandana, Kadubisanahalli, Bengaluru, Bengaluru Urban, Karnataka, 560103",Ashok kumar peddireddi,12.9394,77.6952,1,Cafe_Bakery,0.35,0.4,0.2,0.0,0.0,0.0,0.0,0.0,0.0,0.0,0.0,0.25,1.2,1015499,South Indian,0,Swiggy_ID_Only
785383,Northstar Cafe HSR,PTP_Bengaluru,PHD_FC_BLR,NorthstarCafeHSR,"BONVIVANT GOURMET, 1st Floor, No 163, 9th Main, 3rd Cross, RMV extn, Sadashiva Nagar, Bengaluru, Karnataka 560080",Tanmoy Das,12.91206710715975,77.63904531719373,1,Cafe_Bakery,0.35,0.4,0.2,0.0,0.0,0.0,0.0,0.0,0.0,0.0,0.0,0.25,1.2,,,0,Inference_Only
785385,Drip and Drop Coffee,PTP_Bengaluru,PHD_FC_BLR,GAEnterprises,"63IDEAS INFOLABS PRIVATE LIMITED (Ninjacart), 2nd Floor, Indiqube Helios Business Park, Tower E, Chandana, Kadubisanahalli, Bengaluru, Bengaluru Urban, Karnataka, 560103",Srihari M,12.90645133212414,77.59059275599937,1,Cafe_Bakery,0.35,0.4,0.2,0.0,0.0,0.0,0.0,0.0,0.0,0.0,0.0,0.25,1.2,785224,"Beverages, Bakery",0,Swiggy_ID_Only
785387,Brewtroots cafe,PTP_Bengaluru,PHD_FC_BLR,Brewtrootscafe,"BONVIVANT GOURMET, 1st Floor, No 163, 9th Main, 3rd Cross, RMV extn, Sadashiva Nagar, Bengaluru, Karnataka 560080",Tanmoy Das,12.91221782896842,77.63932042531316,1,Cafe_Bakery,0.35,0.4,0.2,0.0,0.0,0.0,0.0,0.0,0.0,0.0,0.0,0.25,1.2,966996,"South Indian, North Indian, Thalis, Chaat",0,Swiggy_ID_Only
785407,Daily Sushi( Bellandur),PTP_Bengaluru,PHD_FC_BLR,Buzafoodsprivatelimited,"BONVIVANT GOURMET, 1st Floor, No 163, 9th Main, 3rd Cross, RMV extn, Sadashiva Nagar, Bengaluru, Karnataka 560080",Tanmoy Das,12.92150587,77.68709477,1,"Japanese, Sushi_Specific",0.6,0.0,0.0,0.0,0.0,0.0,0.0,0.0,0.0,0.0,0.5,0.1,1.2,745604,"Japanese, Asian, Korean",0,Swiggy_ID_Only
785839,KATHA,PTP_Hyderabad,PHD_FC_HYD,KATHACOFFEEPRIVATELIMITED,"Flat no 002 ground floor, Asian Suncity ,B block, forest Dept colony , Hyderabad, Telangana 500084.",Daggupati Aditya,17.43,78.45,1,Cafe_Bakery,0.35,0.4,0.2,0.0,0.0,0.0,0.0,0.0,0.0,0.0,0.0,0.25,1.2,,,0,Inference_Only
786711,Roastery Coffee House,PTP_Hyderabad,PHD_FC_HYD,NAICOFFEEPRAVATELIMITED,"SS AGRO PRODUCTS, G2, PLOT NO.3, SY NO.198/123, OFFICERS COLONY, RK PURAM, NEREDMET, Medchal - Malkajgiri, Telangana, 500056",Ashok kumar peddireddi,12.9394,77.6952,1,Cafe_Bakery,0.35,0.4,0.2,0.0,0.0,0.0,0.0,0.0,0.0,0.0,0.0,0.25,1.2,,,0,Inference_Only
785644,THE BREWS BROTHER (BASK BY COFFEE),PTP_Chennai,PHD_FC_CHN,THEBREWSBROTHER(BASKBYCOFFEE),"SRI SAI RAM FOODS,Building No./Flat No.: 21/1,KELLYS ROAD, KILPAUK , Chennai,Tamil Nadu,PIN Code: 600010, Contact:9025292329",,13.04274159042056,80.25630835768027,1,Cafe_Bakery,0.35,0.4,0.2,0.0,0.0,0.0,0.0,0.0,0.0,0.0,0.0,0.25,1.2,789332,"Beverages, Italian, Snacks, Thai",0,Swiggy_ID_Only
785645,THEBREWSBROTHER(BASKBYCOFFEE),PTP_Chennai,PHD_FC_CHN,THEBREWSBROTHER(BASKBYCOFFEE),"SRI SAI RAM FOODS,Building No./Flat No.: 21/1,KELLYS ROAD, KILPAUK , Chennai,Tamil Nadu,PIN Code: 600010, Contact:9025292329",,12.95804276,80.25672023,1,Cafe_Bakery,0.35,0.4,0.2,0.0,0.0,0.0,0.0,0.0,0.0,0.0,0.0,0.25,1.2,,,0,Inference_Only
785447,Coffee Mechanics,PTP_Bengaluru,PHD_FC_BLR,SQUADRUPEFOODANDBEVERAGESPRIVATELIMITED,"63IDEAS INFOLABS PRIVATE LIMITED (Ninjacart), 2nd Floor, Indiqube Helios Business Park, Tower E, Chandana, Kadubisanahalli, Bengaluru, Bengaluru Urban, Karnataka, 560103",Tanmoy Das,13.03431827447775,77.63846411534318,1,Cafe_Bakery,0.35,0.4,0.2,0.0,0.0,0.0,0.0,0.0,0.0,0.0,0.0,0.25,1.2,38630,"American, Bakery, British, Beverages, Continental, Desserts, European, Healthy Food, Italian, Pastas",0,Swiggy_ID_Only
785606,Roka cafe,PTP_Bengaluru,PHD_FC_BLR,Rokacafe,"BONVIVANT GOURMET, 1st Floor, No 163, 9th Main, 3rd Cross, RMV extn, Sadashiva Nagar, Bengaluru, Karnataka 560080",Sonu Varma,13.03029677278397,77.57089973068635,1,Cafe_Bakery,0.35,0.4,0.2,0.0,0.0,0.0,0.0,0.0,0.0,0.0,0.0,0.25,1.2,1222325,"Italian-American, Cafe",0,Swiggy_ID_Only
785152,Daily sushi ITPL,PTP_Bengaluru,PHD_FC_BLR,Dailysushi,"63IDEAS INFOLABS PRIVATE LIMITED (Ninjacart), 2nd Floor, Indiqube Helios Business Park, Tower E, Chandana, Kadubisanahalli, Bengaluru, Bengaluru Urban, Karnataka, 560103",Sonu Varma,12.9883480967869,77.73040406693418,1,"Japanese, Sushi_Specific",0.6,0.0,0.0,0.0,0.0,0.0,0.0,0.0,0.0,0.0,0.5,0.1,1.2,676097,"Japanese, Asian, Korean",0,Swiggy_ID_Only
784544,Brahma Brews,PTP_Bengaluru,PHD_FC_BLR,NDVentures,"ATLAS DISTRIBUTORS PRIVATE LIMITED, 23RD MAIN, NO 10, 2ND CROSS, JP NAGAR 2ND PHASE, MARENAHALLI BANGALORE, Bengaluru Urban, Karnataka, 560078",Srihari M,12.89347104569327,77.5865788848351,1,Cafe_Bakery,0.35,0.4,0.2,0.0,0.0,0.0,0.0,0.0,0.0,0.0,0.0,0.25,1.2,323034,"Indian, Mughlai, Biryani, Coastal, Tandoor",0,Swiggy_ID_Only
786306,THE CRAFTERY BY SUBKO,PTP_Bengaluru,PHD_FC_BLR,SUBKOCOFFEEPRIVATELIMITED,"GLOBAL GOURMETZ, No. 65/1, Mission Road, Bengaluru, Bengaluru Rural, Karnataka – 560027",Srihari M,12.92606315387586,77.6255469288359,1,Cafe_Bakery,0.35,0.4,0.2,0.0,0.0,0.0,0.0,0.0,0.0,0.0,0.0,0.25,1.2,1167509,"Coffee, Beverages, Cafe, Snacks, Bakery, Desserts",0,Swiggy_ID_Only
785947,Ra:tio,PTP_Hyderabad,PHD_FC_HYD,KENSHOCOFFEELLP,"SRI COMPANY, GROUND FLOOR, 15-7-378, MAIN ROAD, BEGUM BAZAR, Hyderabad, Telangana, 500012",Ashok kumar peddireddi,17.43,78.41,1,Cafe_Bakery,0.35,0.4,0.2,0.0,0.0,0.0,0.0,0.0,0.0,0.0,0.0,0.25,1.2,,,0,Inference_Only
785406,Daily Sushi( HSR),PTP_Bengaluru,PHD_FC_BLR,Buzafoodsprivatelimited,"BONVIVANT GOURMET, 1st Floor, No 163, 9th Main, 3rd Cross, RMV extn, Sadashiva Nagar, Bengaluru, Karnataka 560080",Tanmoy Das,12.91014214,77.63841766,1,"Japanese, Sushi_Specific",0.6,0.0,0.0,0.0,0.0,0.0,0.0,0.0,0.0,0.0,0.5,0.1,1.2,254655,"Japanese, Asian, Korean",0,Swiggy_ID_Only
785408,Daily Sushi( Whitefield),PTP_Bengaluru,PHD_FC_BLR,Buzafoodsprivatelimited,"BONVIVANT GOURMET, 1st Floor, No 163, 9th Main, 3rd Cross, RMV extn, Sadashiva Nagar, Bengaluru, Karnataka 560080",Tanmoy Das,12.96458613,77.73340601,1,"Japanese, Sushi_Specific",0.6,0.0,0.0,0.0,0.0,0.0,0.0,0.0,0.0,0.0,0.5,0.1,1.2,86516,"Japanese, Asian, Korean",0,Swiggy_ID_Only
784637,Arena Brewhouse,PTP_Bengaluru,PHD_FC_BLR,PEEPALTREEDEVELOPERSPRIVATELTD,"SCOOTSY LOGISTICS, Sy Nos8/1 to 55/6, Varthur Hobli, Bengaluru East Taluk, Devara Beesana Halli, Bengaluru Urban Karnataka, 560103, India",Tanmoy Das,12.97701145808314,77.6412042099706,1,Cafe_Bakery,0.35,0.4,0.2,0.0,0.0,0.0,0.0,0.0,0.0,0.0,0.0,0.25,1.2,1173657,"Desserts, Continental, Beverages, Italian-American, Barbecue, Burgers",0,Swiggy_ID_Only
786459,BOLD ROASTERY CAFE (T.NAGAT),PTP_Chennai,PHD_FC_CHN,BOLDROASTERYCAFE,"SRI SAI RAM FOODS,Building No./Flat No.: 21/1,KELLYS ROAD, KILPAUK , Chennai,Tamil Nadu,PIN Code: 600010, Contact:9025292329",Kaja syed Jiyavudeen Abdul Haleem,13.04433044307068,80.24173163898566,1,Cafe_Bakery,0.35,0.4,0.2,0.0,0.0,0.0,0.0,0.0,0.0,0.0,0.0,0.25,1.2,,,0,Inference_Only
786455,Kissa coffee house,PTP_Hyderabad,PHD_FC_HYD,TERRALAYA,"SS AGRO PRODUCTS, G2, PLOT NO.3, SY NO.198/123, OFFICERS COLONY, RK PURAM, NEREDMET, Medchal - Malkajgiri, Telangana, 500056",Ashok kumar peddireddi,17.43,78.41,1,Cafe_Bakery,0.35,0.4,0.2,0.0,0.0,0.0,0.0,0.0,0.0,0.0,0.0,0.25,1.2,54298,"American, European, Italian",0,Swiggy_ID_Only
785064,TEA VILLA CAFE (JAYANAGAR),PTP_Bengaluru,PHD_FC_BLR,TEAVILLACAFE,"BONVIVANT GOURMET, 1st Floor, No 163, 9th Main, 3rd Cross, RMV extn, Sadashiva Nagar, Bengaluru, Karnataka 560080",Srihari M,12.92778766633646,77.58081862883607,1,Cafe_Bakery,0.35,0.4,0.2,0.0,0.0,0.0,0.0,0.0,0.0,0.0,0.0,0.25,1.2,107695,"Chinese, Continental, Desserts, Italian, Mexican, Pan-Asian",0,Swiggy_ID_Only
785867,SABHA,PTP_Hyderabad,PHD_FC_HYD,SABHACOFFEELLP,"63IDEAS INFOLABS PRIVATE LIMITED (Ninjacart), 2nd Floor, Indiqube Helios Business Park, Tower E, Chandana, Kadubisanahalli, Bengaluru, Bengaluru Urban, Karnataka, 560103",Daggupati Aditya,17.41,78.41,1,Cafe_Bakery,0.35,0.4,0.2,0.0,0.0,0.0,0.0,0.0,0.0,0.0,0.0,0.25,1.2,,,0,Inference_Only
784991,The Faith Cafe,PTP_Bengaluru,PHD_FC_BLR,TheFaithCaffePvtLtd.,"BONVIVANT GOURMET, 1st Floor, No 163, 9th Main, 3rd Cross, RMV extn, Sadashiva Nagar, Bengaluru, Karnataka 560080",Tanmoy Das,12.91254712298442,77.64204011014728,1,Cafe_Bakery,0.35,0.4,0.2,0.0,0.0,0.0,0.0,0.0,0.0,0.0,0.0,0.25,1.2,860302,Snacks,0,Swiggy_ID_Only
785409,Daily Sushi( Church Street),PTP_Bengaluru,PHD_FC_BLR,Buzafoodsprivatelimited,"BONVIVANT GOURMET, 1st Floor, No 163, 9th Main, 3rd Cross, RMV extn, Sadashiva Nagar, Bengaluru, Karnataka 560080",Tanmoy Das,12.97711037,77.60264086,1,"Japanese, Sushi_Specific",0.6,0.0,0.0,0.0,0.0,0.0,0.0,0.0,0.0,0.0,0.5,0.1,1.2,600456,"Japanese, Asian, Korean",0,Swiggy_ID_Only
784909,Tribes Coffee,PTP_Bengaluru,PHD_FC_BLR,TribesCoffee,"BONVIVANT GOURMET, 1st Floor, No 163, 9th Main, 3rd Cross, RMV extn, Sadashiva Nagar, Bengaluru, Karnataka 560080",Tanmoy Das,12.90922827944232,77.64390870573004,1,Cafe_Bakery,0.35,0.4,0.2,0.0,0.0,0.0,0.0,0.0,0.0,0.0,0.0,0.25,1.2,,,0,Inference_Only
785515,The Coffee Theatre,PTP_Bengaluru,PHD_FC_BLR,GIGSLIVEENTERTAINMENTPRIVATELIMITED,"63IDEAS INFOLABS PRIVATE LIMITED (Ninjacart), 2nd Floor, Indiqube Helios Business Park, Tower E, Chandana, Kadubisanahalli, Bengaluru, Bengaluru Urban, Karnataka, 560103",Srihari M,12.97008220556378,77.63991663826755,1,Cafe_Bakery,0.35,0.4,0.2,0.0,0.0,0.0,0.0,0.0,0.0,0.0,0.0,0.25,1.2,1159277,"Coffee, Pizzas, Italian-American, Pastas, Burgers, Cafe, Rolls & Wraps",0,Swiggy_ID_Only
786012,QAFFEINE COFFEE- Banajarahills,PTP_Hyderabad,PHD_FC_HYD,QAFFEINEPRIVATELIMITED,"SS AGRO PRODUCTS, G2, PLOT NO.3, SY NO.198/123, OFFICERS COLONY, RK PURAM, NEREDMET, Medchal - Malkajgiri, Telangana, 500056",Daggupati Aditya,17.42,78.44,1,Cafe_Bakery,0.35,0.4,0.2,0.0,0.0,0.0,0.0,0.0,0.0,0.0,0.0,0.25,1.2,,,0,Inference_Only
785453,Daily Sushi( Indiranagar),PTP_Bengaluru,PHD_FC_BLR,Buzafoodsprivatelimited,"BONVIVANT GOURMET, 1st Floor, No 163, 9th Main, 3rd Cross, RMV extn, Sadashiva Nagar, Bengaluru, Karnataka 560080",Tanmoy Das,12.97013566,77.63856891,1,"Japanese, Sushi_Specific",0.6,0.0,0.0,0.0,0.0,0.0,0.0,0.0,0.0,0.0,0.5,0.1,1.2,,,0,Inference_Only
786703,DOU Alwarpet,PTP_Chennai,PHD_FC_CHN,PricolTravelPrivatelimited,"BALAJI FOODS, NO:97, SANTHOSH NAGAR EXTN, MADANANDAPURAM, PORUR, CHENNAI. PINCODE: 600116.",Sriram Rengarajan,13.03169663,80.24685769,1,Unclassified,0.0,0.0,0.3,0.25,0.0,0.0,0.0,0.0,0.0,0.0,0.0,0.25,0.8,374134,"Bakery, Cafe",0,Swiggy_ID_Only
786704,DOU Nungambakkam,PTP_Chennai,PHD_FC_CHN,PricolTravelPrivatelimited,"BALAJI FOODS, NO:97, SANTHOSH NAGAR EXTN, MADANANDAPURAM, PORUR, CHENNAI. PINCODE: 600116.",Sriram Rengarajan,13.05971937,80.25088274,1,Unclassified,0.0,0.0,0.3,0.25,0.0,0.0,0.0,0.0,0.0,0.0,0.0,0.25,0.8,786351,"Bakery, Cafe",0,Swiggy_ID_Only
785631,Acai Theory,PTP_Bengaluru,PHD_FC_BLR,AcaiTheory,"63IDEAS INFOLABS PRIVATE LIMITED (Ninjacart), 2nd Floor, Indiqube Helios Business Park, Tower E, Chandana, Kadubisanahalli, Bengaluru, Bengaluru Urban, Karnataka, 560103",Srihari M,12.96636859536697,77.6417707271643,1,Unclassified,0.0,0.0,0.0,0.0,0.0,0.0,0.0,0.0,0.0,0.0,0.0,0.0,0.0,,,0,
785184,The Snugg Cuppa(Hyderabadi Irani Chai) HSR,PTP_Bengaluru,PHD_FC_BLR,SnuggCuppa,"63IDEAS INFOLABS PRIVATE LIMITED (Ninjacart), 2nd Floor, Indiqube Helios Business Park, Tower E, Chandana, Kadubisanahalli, Bengaluru, Bengaluru Urban, Karnataka, 560103",Tanmoy Das,12.90833405617268,77.64939044550779,1,Unclassified,0.0,0.0,0.0,0.0,0.0,0.0,0.0,0.0,0.0,0.0,0.0,0.0,0.0,,,0,
785185,Shoyu - HSR layout,PTP_Bengaluru,PHD_FC_BLR,Shoyu,"BONVIVANT GOURMET, 1st Floor, No 163, 9th Main, 3rd Cross, RMV extn, Sadashiva Nagar, Bengaluru, Karnataka 560080",Srihari M,12.91760592,77.62908408,1,Unclassified,0.0,0.0,0.0,0.0,0.0,0.0,0.0,0.0,0.0,0.0,0.0,0.0,0.0,,,0,
785659,LEAF N LOVE,PTP_Bengaluru,PHD_FC_BLR,LEAFNLOVE,"63IDEAS INFOLABS PRIVATE LIMITED (Ninjacart), 2nd Floor, Indiqube Helios Business Park, Tower E, Chandana, Kadubisanahalli, Bengaluru, Bengaluru Urban, Karnataka, 560103",Tanmoy Das,12.92181705721339,77.69606002513467,1,Unclassified,0.0,0.0,0.0,0.0,0.0,0.0,0.0,0.0,0.0,0.0,0.0,0.0,0.0,,,0,
785981,The Park Chennai,PTP_Chennai,PHD_FC_CHN,APEEJAYSURRENDRAPARKHOTELSLIMITED,"SRI SAI RAM FOODS,Building No./Flat No.: 21/1,KELLYS ROAD, KILPAUK , Chennai,Tamil Nadu,PIN Code: 600010, Contact:9025292329",Tanmoy Das,13.05354183538714,80.25027812883619,1,Unclassified,0.0,0.0,0.0,0.0,0.0,0.0,0.0,0.0,0.0,0.0,0.0,0.0,0.0,,,0,
785932,VANANAM FOODS AND BEVERAGES PVT LTD (Mai Mai),PTP_Bengaluru,PHD_FC_BLR,VANANAMFOODSANDBEVERAGESPVTLTD(MaiMai),"GLOBAL GOURMETZ, No. 65/1, Mission Road, Bengaluru, Bengaluru Rural, Karnataka – 560027",Srihari M,12.95900057671437,77.65637621060218,1,Food_Generic,0.0,0.0,0.0,0.0,0.0,0.0,0.0,0.0,0.0,0.0,0.0,0.0,0.0,,,0,
785128,Daymonthyear,PTP_Bengaluru,PHD_FC_BLR,Buzafoodsprivatelimited,"BONVIVANT GOURMET, 1st Floor, No 163, 9th Main, 3rd Cross, RMV extn, Sadashiva Nagar, Bengaluru, Karnataka 560080",Tanmoy Das,12.90957323692675,77.64482761367111,1,Unclassified,0.0,0.0,0.0,0.0,0.0,0.0,0.0,0.0,0.0,0.0,0.0,0.0,0.0,,,0,
785030,BiergartenKoramangala,PTP_Bengaluru,PHD_FC_BLR,ShakthiFoods&BeverageServicesLLP,"BONVIVANT GOURMET, 1st Floor, No 163, 9th Main, 3rd Cross, RMV extn, Sadashiva Nagar, Bengaluru, Karnataka 560080",Tanmoy Das,12.93364898,77.61420295,1,Food_Generic,0.0,0.0,0.0,0.0,0.0,0.0,0.0,0.0,0.0,0.0,0.0,0.0,0.0,,,0,
785179,Shoyu,PTP_Bengaluru,PHD_FC_BLR,Shoyu,"BONVIVANT GOURMET, 1st Floor, No 163, 9th Main, 3rd Cross, RMV extn, Sadashiva Nagar, Bengaluru, Karnataka 560080",Srihari M,12.98409927794756,77.64091001245494,1,Unclassified,0.0,0.0,0.0,0.0,0.0,0.0,0.0,0.0,0.0,0.0,0.0,0.0,0.0,,,0,
785709,The BougainVillea Hyderabad,PTP_Hyderabad,PHD_FC_HYD,ZUCICHOCOLATESLLP,"63IDEAS INFOLABS PRIVATE LIMITED (Ninjacart), 2nd Floor, Indiqube Helios Business Park, Tower E, Chandana, Kadubisanahalli, Bengaluru, Bengaluru Urban, Karnataka, 560103",Ashok kumar peddireddi,17.44,78.41,1,Unclassified,0.0,0.0,0.0,0.0,0.0,0.0,0.0,0.0,0.0,0.0,0.0,0.0,0.0,,,0,
785167,KAAVU,PTP_Bengaluru,PHD_FC_BLR,Kaavu,"BONVIVANT GOURMET, 1st Floor, No 163, 9th Main, 3rd Cross, RMV extn, Sadashiva Nagar, Bengaluru, Karnataka 560080",Sonu Varma,12.96145110861014,77.73247316764198,1,Unclassified,0.0,0.0,0.0,0.0,0.0,0.0,0.0,0.0,0.0,0.0,0.0,0.0,0.0,,,0,
785714,PAPAYA CHENNAI,PTP_Chennai,PHD_FC_CHN,PAPAYACHENNAI,"63IDEAS INFOLABS PRIVATE LIMITED (Ninjacart), 2nd Floor, Indiqube Helios Business Park, Tower E, Chandana, Kadubisanahalli, Bengaluru, Bengaluru Urban, Karnataka, 560103",,13.05442489351976,80.25012732364111,1,Unclassified,0.0,0.0,0.0,0.0,0.0,0.0,0.0,0.0,0.0,0.0,0.0,0.0,0.0,,,0,
785728,chn_sampord_kaja,PTP_Chennai,PHD_FC_CHN,chn_sampord_kam,hdbciudvcuw,,13.067293,80.178091,1,Unclassified,0.0,0.0,0.0,0.0,0.0,0.0,0.0,0.0,0.0,0.0,0.0,0.0,0.0,,,0,
785733,Thyme & Whisk,PTP_Hyderabad,PHD_FC_HYD,NAMETRINETRAVENTUREINDIAPVT.LTD,"63IDEAS INFOLABS PRIVATE LIMITED (Ninjacart), 2nd Floor, Indiqube Helios Business Park, Tower E, Chandana, Kadubisanahalli, Bengaluru, Bengaluru Urban, Karnataka, 560103",Ashok kumar peddireddi,17.43,78.41,1,Unclassified,0.0,0.0,0.0,0.0,0.0,0.0,0.0,0.0,0.0,0.0,0.0,0.0,0.0,,,0,
785178,Toastid Co,PTP_Bengaluru,PHD_FC_BLR,ToastidCo,"SCOOTSY LOGISTICS, Sy Nos8/1 to 55/6, Varthur Hobli, Bengaluru East Taluk, Devara Beesana Halli, Bengaluru Urban Karnataka, 560103, India",Srihari M,12.96663314346611,77.63720114232788,1,Unclassified,0.0,0.0,0.0,0.0,0.0,0.0,0.0,0.0,0.0,0.0,0.0,0.0,0.0,,,0,
785609,7SISTERS HITEX/ AXONE KAILASH LAMA,PTP_Hyderabad,PHD_FC_HYD,7SISTERSHITEX/AXONEKAILASHLAMA,"63ideas infolabs private limited, 2nd Floor, Indiqube Helios Business Park, Tower E, Chandana, Kadubisanahalli, Bengaluru, Bengaluru Urban, Karnataka, 560103",Daggupati Aditya,17.46856706390899,78.37589872883572,1,Unclassified,0.0,0.0,0.0,0.0,0.0,0.0,0.0,0.0,0.0,0.0,0.0,0.0,0.0,,,0,
785832,SRI AYYAPPA GROCERIES FRESH,PTP_Bengaluru,PHD_FC_BLR,SRIAYYAPPAGROCERIESFRESH,"N M POULTRY'S (LAKSHMANA NAVEENA KUMAR),Shop No. 113, 2nd Main, 3rd Cross, K.K. Layout, Kannurahalli Main Road, MV Extension, Hoskote, Bengaluru Rural, Karnataka – 562114",Tanmoy Das,12.99206746519799,77.57358368465681,1,Unclassified,0.0,0.0,0.0,0.0,0.0,0.0,0.0,0.0,0.0,0.0,0.0,0.0,0.0,,,0,
786271,NeemsiRestaurant_Basavangudi,PTP_Bengaluru,PHD_FC_BLR,NeemsiRestaurant,"ATLAS DISTRIBUTORS PRIVATE LIMITED, 23RD MAIN, NO 10, 2ND CROSS, JP NAGAR 2ND PHASE, MARENAHALLI BANGALORE, Bengaluru Urban, Karnataka, 560078",Sonu Varma,12.93975179,77.57370222,1,Unclassified,0.0,0.0,0.0,0.0,0.0,0.0,0.0,0.0,0.0,0.0,0.0,0.0,0.0,,,0,
785834,C! Gusta,PTP_Hyderabad,PHD_FC_HYD,HALCYONRESTAURANTSLLP,"63IDEAS INFOLABS PRIVATE LIMITED (Ninjacart), 2nd Floor, Indiqube Helios Business Park, Tower E, Chandana, Kadubisanahalli, Bengaluru, Bengaluru Urban, Karnataka, 560103",Ashok kumar peddireddi,17.44,78.4,1,Unclassified,0.0,0.0,0.0,0.0,0.0,0.0,0.0,0.0,0.0,0.0,0.0,0.0,0.0,,,0,
784828,Elite Innoventures (Juliet),PTP_Bengaluru,PHD_FC_BLR,EliteInnoventures(Juliet),"BONVIVANT GOURMET, 1st Floor, No 163, 9th Main, 3rd Cross, RMV extn, Sadashiva Nagar, Bengaluru, Karnataka 560080",Tanmoy Das,12.97368052685502,77.62078390926209,1,Unclassified,0.0,0.0,0.0,0.0,0.0,0.0,0.0,0.0,0.0,0.0,0.0,0.0,0.0,,,0,
785841,ROYAPETTAH FRUITS & VEGETABLE MARKET,PTP_Chennai,PHD_FC_CHN,ROYAPETTAHFRUITS&VEGETABLEMARKET,"63IDEAS INFOLABS PRIVATE LIMITED (Ninjacart), 2nd Floor, Indiqube Helios Business Park, Tower E, Chandana, Kadubisanahalli, Bengaluru, Bengaluru Urban, Karnataka, 560103",,13.04833360658594,80.26056904465382,1,Food_Generic,0.0,0.0,0.0,0.0,0.0,0.0,0.0,0.0,0.0,0.0,0.0,0.0,0.0,,,0,
786260,Qaffeine - phoenix,PTP_Hyderabad,PHD_FC_HYD,QAFFEINEPRIVATELIMITED,"SS AGRO PRODUCTS, G2, PLOT NO.3, SY NO.198/123, OFFICERS COLONY, RK PURAM, NEREDMET, Medchal - Malkajgiri, Telangana, 500056",Daggupati Aditya,17.42703465,78.34072562,1,Unclassified,0.0,0.0,0.0,0.0,0.0,0.0,0.0,0.0,0.0,0.0,0.0,0.0,0.0,,,0,
785234,Zed The Baker,PTP_Bengaluru,PHD_FC_BLR,AdvancedBakingConceptsPrivateLimited,"BONVIVANT GOURMET, 1st Floor, No 163, 9th Main, 3rd Cross, RMV extn, Sadashiva Nagar, Bengaluru, Karnataka 560080",Sonu Varma,12.98576547567823,77.59639040653887,1,Unclassified,0.0,0.0,0.0,0.0,0.0,0.0,0.0,0.0,0.0,0.0,0.0,0.0,0.0,,,0,
785497,Dawn and Beach,PTP_Bengaluru,PHD_FC_BLR,DawnandBeach(Amicii),"63IDEAS INFOLABS PRIVATE LIMITED (Ninjacart), 2nd Floor, Indiqube Helios Business Park, Tower E, Chandana, Kadubisanahalli, Bengaluru, Bengaluru Urban, Karnataka, 560103",Tanmoy Das,12.98093086593706,77.64105281534319,1,Unclassified,0.0,0.0,0.0,0.0,0.0,0.0,0.0,0.0,0.0,0.0,0.0,0.0,0.0,,,0,
786236,Ciclo Café Tiam Foods Private Limited,PTP_Chennai,PHD_FC_CHN,TiamFoodsPrivateLimited,"SRI SAI RAM FOODS,Building No./Flat No.: 21/1,KELLYS ROAD, KILPAUK , Chennai,Tamil Nadu,PIN Code: 600010, Contact:9025292329",Kaja syed Jiyavudeen Abdul Haleem,13.01905756653619,80.23878597619162,1,Food_Generic,0.0,0.0,0.0,0.0,0.0,0.0,0.0,0.0,0.0,0.0,0.0,0.0,0.0,,,0,
785983,The Living Room Adyar,PTP_Chennai,PHD_FC_CHN,VictualsventurellpThelivingroomreceivedclub,"SRI SAI RAM FOODS,Building No./Flat No.: 21/1,KELLYS ROAD, KILPAUK , Chennai,Tamil Nadu,PIN Code: 600010, Contact:9025292329",Kaja syed Jiyavudeen Abdul Haleem,12.99873014211266,80.25159192364019,1,Unclassified,0.0,0.0,0.0,0.0,0.0,0.0,0.0,0.0,0.0,0.0,0.0,0.0,0.0,,,0,
785026,Teathings,PTP_Bengaluru,PHD_FC_BLR,Teathings,"63IDEAS INFOLABS PRIVATE LIMITED (Ninjacart), 2nd Floor, Indiqube Helios Business Park, Tower E, Chandana, Kadubisanahalli, Bengaluru, Bengaluru Urban, Karnataka, 560103",Srihari M,12.91309586504717,77.63537920994038,1,Unclassified,0.0,0.0,0.0,0.0,0.0,0.0,0.0,0.0,0.0,0.0,0.0,0.0,0.0,,,0,
785989,Cream Centere R.A.Puram,PTP_Chennai,PHD_FC_CHN,CCFoodNetworkPvt.Ltd,"SRI SAI RAM FOODS,Building No./Flat No.: 21/1,KELLYS ROAD, KILPAUK , Chennai,Tamil Nadu,PIN Code: 600010, Contact:9025292329",Kaja syed Jiyavudeen Abdul Haleem,13.02722994964505,80.2549721,1,Unclassified,0.0,0.0,0.0,0.0,0.0,0.0,0.0,0.0,0.0,0.0,0.0,0.0,0.0,,,0,
785335,Suku - HSR Layout,PTP_Bengaluru,PHD_FC_BLR,Suku-HSRLayout,"SCOOTSY LOGISTICS, Sy Nos8/1 to 55/6, Varthur Hobli, Bengaluru East Taluk, Devara Beesana Halli, Bengaluru Urban Karnataka, 560103, India",Tanmoy Das,12.90433649403202,77.64906519816579,1,Unclassified,0.0,0.0,0.0,0.0,0.0,0.0,0.0,0.0,0.0,0.0,0.0,0.0,0.0,,,0,
785000,Biergarten,PTP_Bengaluru,PHD_FC_BLR,ShakthiFoods&BeverageServicesLLP,"BONVIVANT GOURMET, 1st Floor, No 163, 9th Main, 3rd Cross, RMV extn, Sadashiva Nagar, Bengaluru, Karnataka 560080",Tanmoy Das,12.92981314855808,77.68546996949223,1,Food_Generic,0.0,0.0,0.0,0.0,0.0,0.0,0.0,0.0,0.0,0.0,0.0,0.0,0.0,,,0,
784992,katana,PTP_Bengaluru,PHD_FC_BLR,Katana,"BONVIVANT GOURMET, 1st Floor, No 163, 9th Main, 3rd Cross, RMV extn, Sadashiva Nagar, Bengaluru, Karnataka 560080",Tanmoy Das,12.96910431850481,77.63594677986306,1,Unclassified,0.0,0.0,0.0,0.0,0.0,0.0,0.0,0.0,0.0,0.0,0.0,0.0,0.0,,,0,
785552,Brix and Barrells LLP,PTP_Bengaluru,PHD_FC_BLR,BrixandBarrellsLLP,"63IDEAS INFOLABS PRIVATE LIMITED (Ninjacart), 2nd Floor, Indiqube Helios Business Park, Tower E, Chandana, Kadubisanahalli, Bengaluru, Bengaluru Urban, Karnataka, 560103",Tanmoy Das,12.98798576014906,77.70885791534317,1,Unclassified,0.0,0.0,0.0,0.0,0.0,0.0,0.0,0.0,0.0,0.0,0.0,0.0,0.0,,,0,
784989,The dreaming tree,PTP_Bengaluru,PHD_FC_BLR,DreamsandMoreUnitedLLP,"BONVIVANT GOURMET, 1st Floor, No 163, 9th Main, 3rd Cross, RMV extn, Sadashiva Nagar, Bengaluru, Karnataka 560080",Tanmoy Das,12.91156809589527,77.63795655486135,1,Unclassified,0.0,0.0,0.0,0.0,0.0,0.0,0.0,0.0,0.0,0.0,0.0,0.0,0.0,,,0,
786039,Ave,PTP_Chennai,PHD_FC_CHN,Ave,"SRI SAI RAM FOODS,Building No./Flat No.: 21/1,KELLYS ROAD, KILPAUK , Chennai,Tamil Nadu,PIN Code: 600010, Contact:9025292329",Kaja syed Jiyavudeen Abdul Haleem,12.99829597385948,80.26507599437625,1,Unclassified,0.0,0.0,0.0,0.0,0.0,0.0,0.0,0.0,0.0,0.0,0.0,0.0,0.0,,,0,
786041,AG Hospitalities Pvt Ltd,PTP_Chennai,PHD_FC_CHN,AGHospitalitiesPvtLtd,"SRI SAI RAM FOODS,Building No./Flat No.: 21/1,KELLYS ROAD, KILPAUK , Chennai,Tamil Nadu,PIN Code: 600010, Contact:9025292329",Sriram Rengarajan,13.03009980731637,80.24430636739444,1,Unclassified,0.0,0.0,0.0,0.0,0.0,0.0,0.0,0.0,0.0,0.0,0.0,0.0,0.0,,,0,
784948,Beyond Bean,PTP_Bengaluru,PHD_FC_BLR,BeyondBean,"63IDEAS INFOLABS PRIVATE LIMITED (Ninjacart), 2nd Floor, Indiqube Helios Business Park, Tower E, Chandana, Kadubisanahalli, Bengaluru, Bengaluru Urban, Karnataka, 560103",Sonu Varma,12.97302973226539,77.60740281182109,1,Unclassified,0.0,0.0,0.0,0.0,0.0,0.0,0.0,0.0,0.0,0.0,0.0,0.0,0.0,,,0,
786045,FOODSTORIES,PTP_Bengaluru,PHD_FC_BLR,FOODSTORIESPRIVATELIMITED,"GLOBAL GOURMETZ, No. 65/1, Mission Road, Bengaluru, Bengaluru Rural, Karnataka – 560027",Srihari M,12.97298823978904,77.60033145333877,1,Food_Generic,0.0,0.0,0.0,0.0,0.0,0.0,0.0,0.0,0.0,0.0,0.0,0.0,0.0,,,0,
786067,AK Snacks Box,PTP_Chennai,PHD_FC_CHN,AKSnacksBox,"GROUND FLOOR, 167, Samayapuram Nagar 5th street, Porur CHENNAI, Chennai, Tamil Nadu, 600116",Sriram Rengarajan,13.01001264400392,80.25192293670389,1,Unclassified,0.0,0.0,0.0,0.0,0.0,0.0,0.0,0.0,0.0,0.0,0.0,0.0,0.0,,,0,
785618,PHURR(Indranagar),PTP_Bengaluru,PHD_FC_BLR,TruMoonFoodsLLP,"BONVIVANT GOURMET, 1st Floor, No 163, 9th Main, 3rd Cross, RMV extn, Sadashiva Nagar, Bengaluru, Karnataka 560080",Srihari M,12.97073088920011,77.64579385229904,1,Unclassified,0.0,0.0,0.0,0.0,0.0,0.0,0.0,0.0,0.0,0.0,0.0,0.0,0.0,,,0,
785854,BLR_sampord_Srihari,PTP_Bengaluru,PHD_FC_BLR,KAM_Sampleorders_BLR,BLR_sampord_Srihari,,12.9781249,77.6982689,1,Unclassified,0.0,0.0,0.0,0.0,0.0,0.0,0.0,0.0,0.0,0.0,0.0,0.0,0.0,,,0,
786106,Toasted Tales Private Ltd.,PTP_Bengaluru,PHD_FC_BLR,ToastedTalesPrivateLtd.,"N M POULTRY'S (LAKSHMANA NAVEENA KUMAR),Shop No. 113, 2nd Main, 3rd Cross, K.K. Layout, Kannurahalli Main Road, MV Extension, Hoskote, Bengaluru Rural, Karnataka – 562114",Tanmoy Das,12.95101892267187,77.69997343068636,1,Unclassified,0.0,0.0,0.0,0.0,0.0,0.0,0.0,0.0,0.0,0.0,0.0,0.0,0.0,,,0,
786151,Court Yard Mariot,PTP_Chennai,PHD_FC_CHN,"PalmgroveBeachHotelsPvtLtd.,(CourtYardMariot)","SRI SAI RAM FOODS,Building No./Flat No.: 21/1,KELLYS ROAD, KILPAUK , Chennai,Tamil Nadu,PIN Code: 600010, Contact:9025292329",Kannan Selvam,13.04615565272524,80.24780334232763,1,Unclassified,0.0,0.0,0.0,0.0,0.0,0.0,0.0,0.0,0.0,0.0,0.0,0.0,0.0,,,0,
784903,ISOBEL - Lavelle Road,PTP_Bengaluru,PHD_FC_BLR,ISOBEL-LavelleRoad,"SCOOTSY LOGISTICS, Sy Nos8/1 to 55/6, Varthur Hobli, Bengaluru East Taluk, Devara Beesana Halli, Bengaluru Urban Karnataka, 560103, India",Srihari M,12.96876450121444,77.59662168483585,1,Unclassified,0.0,0.0,0.0,0.0,0.0,0.0,0.0,0.0,0.0,0.0,0.0,0.0,0.0,,,0,
786165,testorder_phd,PTP_Bengaluru,PHD_FC_BLR,testorder_phd,"63IDEAS INFOLABS PRIVATE LIMITED (Ninjacart), 2nd Floor, Indiqube Helios Business Park, Tower E, Chandana, Kadubisanahalli, Bengaluru, Bengaluru Urban, Karnataka, 560103",,13.0707,77.7981,1,Unclassified,0.0,0.0,0.0,0.0,0.0,0.0,0.0,0.0,0.0,0.0,0.0,0.0,0.0,,,0,
784900,ISOBEL - Jayanagar,PTP_Bengaluru,PHD_FC_BLR,SMBeverages,"SCOOTSY LOGISTICS, Sy Nos8/1 to 55/6, Varthur Hobli, Bengaluru East Taluk, Devara Beesana Halli, Bengaluru Urban Karnataka, 560103, India",Srihari M,12.93954891019034,77.58459694232842,1,Unclassified,0.0,0.0,0.0,0.0,0.0,0.0,0.0,0.0,0.0,0.0,0.0,0.0,0.0,,,0,
784891,TOSCANO - Knowledge City,PTP_Hyderabad,PHD_FC_HYD,TOSCANO,"SRI COMPANY, GROUND FLOOR, 15-7-378, MAIN ROAD, BEGUM BAZAR, Hyderabad, Telangana, 500012",Ashok kumar peddireddi,17.77788606026118,78.31793764797413,1,Unclassified,0.0,0.0,0.0,0.0,0.0,0.0,0.0,0.0,0.0,0.0,0.0,0.0,0.0,,,0,
785844,TOSCANO_Nanakaramguda,PTP_Hyderabad,PHD_FC_HYD,TOSCANO,"SRI COMPANY, GROUND FLOOR, 15-7-378, MAIN ROAD, BEGUM BAZAR, Hyderabad, Telangana, 500012",Ashok kumar peddireddi,17.42,78.34,1,Unclassified,0.0,0.0,0.0,0.0,0.0,0.0,0.0,0.0,0.0,0.0,0.0,0.0,0.0,,,0,
785424,Quzo By Fire,PTP_Bengaluru,PHD_FC_BLR,QuzoByFire,"BONVIVANT GOURMET, 1st Floor, No 163, 9th Main, 3rd Cross, RMV extn, Sadashiva Nagar, Bengaluru, Karnataka 560080",Srihari M,12.97744044287763,77.6406654,1,Unclassified,0.0,0.0,0.0,0.0,0.0,0.0,0.0,0.0,0.0,0.0,0.0,0.0,0.0,,,0,
785862,MURO,PTP_Bengaluru,PHD_FC_BLR,RUDRAHOSPITALITIES,"BONVIVANT GOURMET, 1st Floor, No 163, 9th Main, 3rd Cross, RMV extn, Sadashiva Nagar, Bengaluru, Karnataka 560080",Sonu Varma,12.97476224144056,77.60320094417897,1,Unclassified,0.0,0.0,0.0,0.0,0.0,0.0,0.0,0.0,0.0,0.0,0.0,0.0,0.0,,,0,
785865,Karafa_Banjarahills,PTP_Hyderabad,PHD_FC_HYD,KARAFAPRODUCTSPRIVATELIMITED,"SCOOTSY LOGISTICS, Sy Nos8/1 to 55/6, Varthur Hobli, Bengaluru East Taluk, Devara Beesana Halli, Bengaluru Urban Karnataka, 560103, India",Ashok kumar peddireddi,17.42,78.43,1,Unclassified,0.0,0.0,0.0,0.0,0.0,0.0,0.0,0.0,0.0,0.0,0.0,0.0,0.0,,,0,
784186,LUPA,PTP_Bengaluru,PHD_FC_BLR,PureAurella,"10, 3rd CRoss Road, 7th Main, Manjunath Layout, Marthahalli, Bengaluru 560037",Sonu Varma,12.9759215054118,77.60458681349182,1,Unclassified,0.0,0.0,0.0,0.0,0.0,0.0,0.0,0.0,0.0,0.0,0.0,0.0,0.0,,,0,
785402,Temple of Senses,PTP_Bengaluru,PHD_FC_BLR,GORAWINDUSTRIESPRIVATELIMITED,"BONVIVANT GOURMET, 1st Floor, No 163, 9th Main, 3rd Cross, RMV extn, Sadashiva Nagar, Bengaluru, Karnataka 560080",Sonu Varma,12.97530595006494,77.60296485600009,1,Unclassified,0.0,0.0,0.0,0.0,0.0,0.0,0.0,0.0,0.0,0.0,0.0,0.0,0.0,,,0,
785403,:Future Veggies India Private Limited,PTP_Bengaluru,PHD_FC_BLR,simplyveggies,"B2B Solutions, 25/3, 6th Cross, 1st Main, 1st Block, V V Nagar, Vasantapura, Bengaluru,  Bengaluru Urban, Karnataka, 560061",Srihari M,13.0408704385893,77.77563736764279,1,Unclassified,0.0,0.0,0.0,0.0,0.0,0.0,0.0,0.0,0.0,0.0,0.0,0.0,0.0,,,0,
786600,Katha Crafthouse,PTP_Hyderabad,PHD_FC_HYD,KATHACRAFTHOUSELLP,"SS AGRO PRODUCTS, G2, PLOT NO.3, SY NO.198/123, OFFICERS COLONY, RK PURAM, NEREDMET, Medchal - Malkajgiri, Telangana, 500056",Ashok kumar peddireddi,12.9382779,77.690458,1,Unclassified,0.0,0.0,0.0,0.0,0.0,0.0,0.0,0.0,0.0,0.0,0.0,0.0,0.0,,,0,
786595,Gelateria Ciacco (Ciacco Concepts Private Limited),PTP_Chennai,PHD_FC_CHN,CiaccoConceptsPrivateLimited,"GROUND FLOOR, 167, Samayapuram Nagar 5th street, Porur CHENNAI, Chennai, Tamil Nadu, 600116",Kaja syed Jiyavudeen Abdul Haleem,13.04436733903505,80.24757889437706,1,Unclassified,0.0,0.0,0.0,0.0,0.0,0.0,0.0,0.0,0.0,0.0,0.0,0.0,0.0,,,0,
785365,Adarsh hamilton,PTP_Bengaluru,PHD_FC_BLR,ADARSHREALTYANDHOTELSPRIVATELIMITED,"The Oak Tavern, palmmeadows resor,  Ramagondanahalli Varthur road, Bangalore 66",Sonu Varma,12.9646992282283,77.59820242224167,1,Unclassified,0.0,0.0,0.0,0.0,0.0,0.0,0.0,0.0,0.0,0.0,0.0,0.0,0.0,,,0,
786683,MAI MAI - INDIRANAGAR,PTP_Bengaluru,PHD_FC_BLR,VANANAMFOODSANDBEVERAGESPVTLTD,"GLOBAL GOURMETZ, No. 65/1, Mission Road, Bengaluru, Bengaluru Rural, Karnataka – 560027",Srihari M,12.95900176,77.65637778,1,Unclassified,0.0,0.0,0.0,0.0,0.0,0.0,0.0,0.0,0.0,0.0,0.0,0.0,0.0,,,0,
786561,LITTLE ITALY ARCHANA FOODS (BASANT NAGAR),PTP_Chennai,PHD_FC_CHN,ARCHANAFOODS(BASANTNAGAR),"SRI SAI RAM FOODS,Building No./Flat No.: 21/1,KELLYS ROAD, KILPAUK , Chennai,Tamil Nadu,PIN Code: 600010, Contact:9025292329",Kaja syed Jiyavudeen Abdul Haleem,12.99643505737147,80.26845012321247,1,Food_Generic,0.0,0.0,0.0,0.0,0.0,0.0,0.0,0.0,0.0,0.0,0.0,0.0,0.0,,,0,
786363,Nasi and Mee(OMR),PTP_Chennai,PHD_FC_CHN,MAANRESTAURANTPRIVATELIMITED(NASIandMEE),"SRI SAI RAM FOODS,Building No./Flat No.: 21/1,KELLYS ROAD, KILPAUK , Chennai,Tamil Nadu,PIN Code: 600010, Contact:9025292329",Kaja syed Jiyavudeen Abdul Haleem,12.98036643,80.25290573,1,Unclassified,0.0,0.0,0.0,0.0,0.0,0.0,0.0,0.0,0.0,0.0,0.0,0.0,0.0,,,0,
786685,OIA BANGALORE,PTP_Bengaluru,PHD_FC_BLR,DADDYANDFRIENDSCAFELLP,"GLOBAL GOURMETZ, No. 65/1, Mission Road, Bengaluru, Bengaluru Rural, Karnataka – 560027",Balaji C N,13.07405689075997,77.6526086153436,1,Unclassified,0.0,0.0,0.0,0.0,0.0,0.0,0.0,0.0,0.0,0.0,0.0,0.0,0.0,,,0,
786360,Nasi and Mee (Nungambakkam),PTP_Chennai,PHD_FC_CHN,MAANRESTAURANTPRIVATELIMITED(NASIandMEE),"SRI SAI RAM FOODS,Building No./Flat No.: 21/1,KELLYS ROAD, KILPAUK , Chennai,Tamil Nadu,PIN Code: 600010, Contact:9025292329",Kaja syed Jiyavudeen Abdul Haleem,13.06104920522244,80.24981995247748,1,Unclassified,0.0,0.0,0.0,0.0,0.0,0.0,0.0,0.0,0.0,0.0,0.0,0.0,0.0,,,0,
786412,THE HOOD,PTP_Bengaluru,PHD_FC_BLR,OLIVEBEACH,"ATLAS DISTRIBUTORS PRIVATE LIMITED, 23RD MAIN, NO 10, 2ND CROSS, JP NAGAR 2ND PHASE, MARENAHALLI BANGALORE, Bengaluru Urban, Karnataka, 560078",Sonu Varma,12.96693784,77.60877282,1,Unclassified,0.0,0.0,0.0,0.0,0.0,0.0,0.0,0.0,0.0,0.0,0.0,0.0,0.0,,,0,
786411,Fatty Bao - Indiranagar,PTP_Bengaluru,PHD_FC_BLR,OLIVEBEACH,"ATLAS DISTRIBUTORS PRIVATE LIMITED, 23RD MAIN, NO 10, 2ND CROSS, JP NAGAR 2ND PHASE, MARENAHALLI BANGALORE, Bengaluru Urban, Karnataka, 560078",Sonu Varma,12.97067936885475,77.64528349464858,1,Unclassified,0.0,0.0,0.0,0.0,0.0,0.0,0.0,0.0,0.0,0.0,0.0,0.0,0.0,,,0,
786387,Crown Ventures (Fresh Bliss),PTP_Chennai,PHD_FC_CHN,CrownVentures,"63IDEAS INFOLABS PRIVATE LIMITED (Ninjacart), 2nd Floor, Indiqube Helios Business Park, Tower E, Chandana, Kadubisanahalli, Bengaluru, Bengaluru Urban, Karnataka, 560103",Kaja syed Jiyavudeen Abdul Haleem,13.08060939269516,80.24328563898632,1,Unclassified,0.0,0.0,0.0,0.0,0.0,0.0,0.0,0.0,0.0,0.0,0.0,0.0,0.0,,,0,
786344,1:11 Reserve - Café & Pâtisserie,PTP_Chennai,PHD_FC_CHN,Premierkafe,"63IDEAS INFOLABS PRIVATE LIMITED (Ninjacart), 2nd Floor, Indiqube Helios Business Park, Tower E, Chandana, Kadubisanahalli, Bengaluru, Bengaluru Urban, Karnataka, 560103",Kaja syed Jiyavudeen Abdul Haleem,13.03977983532361,80.25366427903191,1,Unclassified,0.0,0.0,0.0,0.0,0.0,0.0,0.0,0.0,0.0,0.0,0.0,0.0,0.0,,,0,
786686,THE FLOUR AFFAIR,PTP_Bengaluru,PHD_FC_BLR,VinayakAShinde,"63IDEAS INFOLABS PRIVATE LIMITED (Ninjacart), 2nd Floor, Indiqube Helios Business Park, Tower E, Chandana, Kadubisanahalli, Bengaluru, Bengaluru Urban, Karnataka, 560103",Balaji C N,13.03101587372622,77.57064994482046,1,Unclassified,0.0,0.0,0.0,0.0,0.0,0.0,0.0,0.0,0.0,0.0,0.0,0.0,0.0,,,0,
786365,Crafe T-Nagar,PTP_Chennai,PHD_FC_CHN,Crafe,"SRI SAI RAM FOODS,Building No./Flat No.: 21/1,KELLYS ROAD, KILPAUK , Chennai,Tamil Nadu,PIN Code: 600010, Contact:9025292329",Kaja syed Jiyavudeen Abdul Haleem,13.05280442319883,80.23593493713254,1,Unclassified,0.0,0.0,0.0,0.0,0.0,0.0,0.0,0.0,0.0,0.0,0.0,0.0,0.0,,,0,
786362,Nasi and Mee (Phoenix Marketcity),PTP_Chennai,PHD_FC_CHN,MAANRESTAURANTPRIVATELIMITED(NASIandMEE),"SRI SAI RAM FOODS,Building No./Flat No.: 21/1,KELLYS ROAD, KILPAUK , Chennai,Tamil Nadu,PIN Code: 600010, Contact:9025292329",Kaja syed Jiyavudeen Abdul Haleem,12.99218792,80.21699774,1,Food_Generic,0.0,0.0,0.0,0.0,0.0,0.0,0.0,0.0,0.0,0.0,0.0,0.0,0.0,,,0,
786307,Elevated vegetarian options (Evo ),PTP_Bengaluru,PHD_FC_BLR,BENAKAENTERPRISES,"BONVIVANT GOURMET, 1st Floor, No 163, 9th Main, 3rd Cross, RMV extn, Sadashiva Nagar, Bengaluru, Karnataka 560080",Sonu Varma,12.92638439667028,77.5779234134923,1,Unclassified,0.0,0.0,0.0,0.0,0.0,0.0,0.0,0.0,0.0,0.0,0.0,0.0,0.0,,,0,
786308,The Mannheim Craft Beverage Co,PTP_Bengaluru,PHD_FC_BLR,TheMannheimCraftBeverageCo,"N M POULTRY'S (LAKSHMANA NAVEENA KUMAR),Shop No. 113, 2nd Main, 3rd Cross, K.K. Layout, Kannurahalli Main Road, MV Extension, Hoskote, Bengaluru Rural, Karnataka – 562114",Tanmoy Das,12.99124585747334,77.70761919814872,1,Unclassified,0.0,0.0,0.0,0.0,0.0,0.0,0.0,0.0,0.0,0.0,0.0,0.0,0.0,,,0,
786366,Crafe Anna Nagar,PTP_Chennai,PHD_FC_CHN,Crafe,"SRI SAI RAM FOODS,Building No./Flat No.: 21/1,KELLYS ROAD, KILPAUK , Chennai,Tamil Nadu,PIN Code: 600010, Contact:9025292329",Kaja syed Jiyavudeen Abdul Haleem,13.09323774,80.20313118,1,Unclassified,0.0,0.0,0.0,0.0,0.0,0.0,0.0,0.0,0.0,0.0,0.0,0.0,0.0,,,0,
786302,JAMMING GOAT_PHD,PTP_Bengaluru,PHD_FC_BLR,SriSaiEnterprises_PHD,"No 1444/14, Ward No 29, 3rd Block, 8th Main Road, Devappa Layout, Chikkaballapur, Karnataka 562101",Sonu Varma,12.95729536266527,77.71538621349228,1,Unclassified,0.0,0.0,0.0,0.0,0.0,0.0,0.0,0.0,0.0,0.0,0.0,0.0,0.0,,,0,
785401,TestBP-CUST23,PTP_Bengaluru,PHD_FC_BLR,TestBP-PHD,"Farm Ethos Warehouse, Bengaluru",Vishal Surya L B,12.842631,77.687414,1,Unclassified,0.0,0.0,0.0,0.0,0.0,0.0,0.0,0.0,0.0,0.0,0.0,0.0,0.0,,,0,
784217,V V VENTURES,PTP_Bengaluru,PHD_FC_BLR,VVVENTURES,"ATLAS DISTRIBUTORS PRIVATE LIMITED, 23RD MAIN, NO 10, 2ND CROSS, JP NAGAR 2ND PHASE, MARENAHALLI BANGALORE, Bengaluru Urban, Karnataka, 560078",Srihari M,12.87704423417162,77.59687229462872,1,Unclassified,0.0,0.0,0.0,0.0,0.0,0.0,0.0,0.0,0.0,0.0,0.0,0.0,0.0,,,0,
785423,BRIK OVEN PRIVATE LIMITED,PTP_Bengaluru,PHD_FC_BLR,BRIKOVENPRIVATELIMITED,"SCOOTSY LOGISTICS, Sy Nos8/1 to 55/6, Varthur Hobli, Bengaluru East Taluk, Devara Beesana Halli, Bengaluru Urban Karnataka, 560103, India",Srihari M,12.98011067777581,77.64721043016355,1,Unclassified,0.0,0.0,0.0,0.0,0.0,0.0,0.0,0.0,0.0,0.0,0.0,0.0,0.0,,,0,
785866,Karafa_Jubleehills,PTP_Hyderabad,PHD_FC_HYD,KARAFAPRODUCTSPRIVATELIMITED,"SCOOTSY LOGISTICS, Sy Nos8/1 to 55/6, Varthur Hobli, Bengaluru East Taluk, Devara Beesana Halli, Bengaluru Urban Karnataka, 560103, India",Ashok kumar peddireddi,17.42,78.4,1,Unclassified,0.0,0.0,0.0,0.0,0.0,0.0,0.0,0.0,0.0,0.0,0.0,0.0,0.0,,,0,
785608,Hibacci,PTP_Hyderabad,PHD_FC_HYD,Hibacci,"63ideas infolabs private limited, 2nd Floor, Indiqube Helios Business Park, Tower E, Chandana, Kadubisanahalli, Bengaluru, Bengaluru Urban, Karnataka, 560103",Daggupati Aditya,17.42,78.44,1,Unclassified,0.0,0.0,0.0,0.0,0.0,0.0,0.0,0.0,0.0,0.0,0.0,0.0,0.0,,,0,
785872,The Park,PTP_Bengaluru,PHD_FC_BLR,ThePark,"BONVIVANT GOURMET, 1st Floor, No 163, 9th Main, 3rd Cross, RMV extn, Sadashiva Nagar, Bengaluru, Karnataka 560080",Tanmoy Das,12.97426080656384,77.6193434423284,1,Unclassified,0.0,0.0,0.0,0.0,0.0,0.0,0.0,0.0,0.0,0.0,0.0,0.0,0.0,,,0,
785889,PROST_JUBLEEHILLS,PTP_Hyderabad,PHD_FC_HYD,GOODEARTHFARMS(INDIA)LLP,"63IDEAS INFOLABS PRIVATE LIMITED (Ninjacart), 2nd Floor, Indiqube Helios Business Park, Tower E, Chandana, Kadubisanahalli, Bengaluru, Bengaluru Urban, Karnataka, 560103",Ashok kumar peddireddi,17.43,78.4,1,Unclassified,0.0,0.0,0.0,0.0,0.0,0.0,0.0,0.0,0.0,0.0,0.0,0.0,0.0,,,0,
785891,Daysie,PTP_Bengaluru,PHD_FC_BLR,keenmustardseriousslicellp,"Serious Slice LLP, Hm Geneva House, plot no. 14, Cunningham road bangalore 560052",Tanmoy Das,12.97235998302177,77.61838689999999,1,Unclassified,0.0,0.0,0.0,0.0,0.0,0.0,0.0,0.0,0.0,0.0,0.0,0.0,0.0,,,0,
785132,Biergarten Whitefield,PTP_Bengaluru,PHD_FC_BLR,ShakthiFoods&BeverageServicesLLP,"BONVIVANT GOURMET, 1st Floor, No 163, 9th Main, 3rd Cross, RMV extn, Sadashiva Nagar, Bengaluru, Karnataka 560080",Tanmoy Das,12.98267239,77.70884218,1,Food_Generic,0.0,0.0,0.0,0.0,0.0,0.0,0.0,0.0,0.0,0.0,0.0,0.0,0.0,,,0,
785835,HIRO,PTP_Hyderabad,PHD_FC_HYD,GANERIWALPROPERTY,"63IDEAS INFOLABS PRIVATE LIMITED (Ninjacart), 2nd Floor, Indiqube Helios Business Park, Tower E, Chandana, Kadubisanahalli, Bengaluru, Bengaluru Urban, Karnataka, 560103",Daggupati Aditya,17.43,78.4,1,Unclassified,0.0,0.0,0.0,0.0,0.0,0.0,0.0,0.0,0.0,0.0,0.0,0.0,0.0,,,0,
786092,Kreate by kraft,PTP_Chennai,PHD_FC_CHN,KreateCafePrrivatelimited,"SRI SAI RAM FOODS,Building No./Flat No.: 21/1,KELLYS ROAD, KILPAUK , Chennai,Tamil Nadu,PIN Code: 600010, Contact:9025292329",Kaja syed Jiyavudeen Abdul Haleem,13.03144524307556,80.24324013670433,1,Unclassified,0.0,0.0,0.0,0.0,0.0,0.0,0.0,0.0,0.0,0.0,0.0,0.0,0.0,,,0,
784777,SUKU Hennur,PTP_Bengaluru,PHD_FC_BLR,SUKU_HENNUR,"63IDEAS INFOLABS PRIVATE LIMITED (Ninjacart), 2nd Floor, Indiqube Helios Business Park, Tower E, Chandana, Kadubisanahalli, Bengaluru, Bengaluru Urban, Karnataka, 560103",Tanmoy Das,13.07516720928315,77.6515902081209,1,Unclassified,0.0,0.0,0.0,0.0,0.0,0.0,0.0,0.0,0.0,0.0,0.0,0.0,0.0,,,0,
785405,Roxie,PTP_Bengaluru,PHD_FC_BLR,Roxie,"ATLAS DISTRIBUTORS PRIVATE LIMITED, 23RD MAIN, NO 10, 2ND CROSS, JP NAGAR 2ND PHASE, MARENAHALLI BANGALORE, Bengaluru Urban, Karnataka, 560078",Tanmoy Das,12.91541739306556,77.66583232531325,1,Unclassified,0.0,0.0,0.0,0.0,0.0,0.0,0.0,0.0,0.0,0.0,0.0,0.0,0.0,,,0,
786500,IKOI TOKYO,PTP_Bengaluru,PHD_FC_BLR,SnchavanVenturesLLP,"N M POULTRY'S (LAKSHMANA NAVEENA KUMAR),Shop No. 113, 2nd Main, 3rd Cross, K.K. Layout, Kannurahalli Main Road, MV Extension, Hoskote, Bengaluru Rural, Karnataka – 562114",Srihari M,12.90391040318907,77.58601130999095,1,Unclassified,0.0,0.0,0.0,0.0,0.0,0.0,0.0,0.0,0.0,0.0,0.0,0.0,0.0,,,0,
786682,MAI MAI - MG ROAD,PTP_Bengaluru,PHD_FC_BLR,VANANAMFOODSANDBEVERAGESPVTLTD,"GLOBAL GOURMETZ, No. 65/1, Mission Road, Bengaluru, Bengaluru Rural, Karnataka – 560027",Srihari M,12.95900176008611,77.65633486685608,1,Unclassified,0.0,0.0,0.0,0.0,0.0,0.0,0.0,0.0,0.0,0.0,0.0,0.0,0.0,,,0,
786419,KUP Budan House - Alwarpet,PTP_Chennai,PHD_FC_CHN,8foods,"SRI SAI RAM FOODS,Building No./Flat No.: 21/1,KELLYS ROAD, KILPAUK , Chennai,Tamil Nadu,PIN Code: 600010, Contact:9025292329",Kaja syed Jiyavudeen Abdul Haleem,13.03171905293855,80.25726320972191,1,Food_Generic,0.0,0.0,0.0,0.0,0.0,0.0,0.0,0.0,0.0,0.0,0.0,0.0,0.0,,,0,
786424,Ceebros Hotels Pvt.Ltd (PULLMAN),PTP_Chennai,PHD_FC_CHN,CeebrosHotelsPvt.Ltd,"SRI SAI RAM FOODS,Building No./Flat No.: 21/1,KELLYS ROAD, KILPAUK , Chennai,Tamil Nadu,PIN Code: 600010, Contact:9025292329",Kaja syed Jiyavudeen Abdul Haleem,13.0340941211999,80.24386993713226,1,Unclassified,0.0,0.0,0.0,0.0,0.0,0.0,0.0,0.0,0.0,0.0,0.0,0.0,0.0,,,0,
786435,MY MARKET,PTP_Bengaluru,PHD_FC_BLR,MyMarket-HSR,"63IDEAS INFOLABS PRIVATE LIMITED (Ninjacart), 2nd Floor, Indiqube Helios Business Park, Tower E, Chandana, Kadubisanahalli, Bengaluru, Bengaluru Urban, Karnataka, 560103",Tanmoy Das,12.90629211598003,77.6444628711641,1,Food_Generic,0.0,0.0,0.0,0.0,0.0,0.0,0.0,0.0,0.0,0.0,0.0,0.0,0.0,,,0,
784739,ROLLING PIN (1BHK),PTP_Bengaluru,PHD_FC_BLR,1BHK,"SCOOTSY LOGISTICS, Sy Nos8/1 to 55/6, Varthur Hobli, Bengaluru East Taluk, Devara Beesana Halli, Bengaluru Urban Karnataka, 560103, India",Srihari M,12.93680498467752,77.62116428650819,1,Unclassified,0.0,0.0,0.0,0.0,0.0,0.0,0.0,0.0,0.0,0.0,0.0,0.0,0.0,,,0,
786664,DRIP DESSERT LAB,PTP_Chennai,PHD_FC_CHN,DRIPDESSERTLAB,"GROUND FLOOR, 167, Samayapuram Nagar 5th street, Porur CHENNAI, Chennai, Tamil Nadu, 600116",Kaja syed Jiyavudeen Abdul Haleem,13.08558964287868,80.22488083670532,1,Unclassified,0.0,0.0,0.0,0.0,0.0,0.0,0.0,0.0,0.0,0.0,0.0,0.0,0.0,,,0,
785269,Conçu Indiranagar,PTP_Bengaluru,PHD_FC_BLR,ConçuIndiranagar,"63IDEAS INFOLABS PRIVATE LIMITED (Ninjacart), 2nd Floor, Indiqube Helios Business Park, Tower E, Chandana, Kadubisanahalli, Bengaluru, Bengaluru Urban, Karnataka, 560103",Srihari M,12.97014172043574,77.6379278952581,1,Unclassified,0.0,0.0,0.0,0.0,0.0,0.0,0.0,0.0,0.0,0.0,0.0,0.0,0.0,,,0,
786414,OLIVE BEACH,PTP_Bengaluru,PHD_FC_BLR,OLIVEBEACH,"ATLAS DISTRIBUTORS PRIVATE LIMITED, 23RD MAIN, NO 10, 2ND CROSS, JP NAGAR 2ND PHASE, MARENAHALLI BANGALORE, Bengaluru Urban, Karnataka, 560078",Sonu Varma,12.96711155,77.60807367,1,Unclassified,0.0,0.0,0.0,0.0,0.0,0.0,0.0,0.0,0.0,0.0,0.0,0.0,0.0,,,0,
786658,FRESH FACTORY - RETAIL,PTP_Bengaluru,PHD_FC_BLR,PMUINNOVATIONSPRIVATELIMITED,"GLOBAL GOURMETZ, No. 65/1, Mission Road, Bengaluru, Bengaluru Rural, Karnataka – 560027",Srihari M,12.97120716849933,77.64715457930492,1,Unclassified,0.0,0.0,0.0,0.0,0.0,0.0,0.0,0.0,0.0,0.0,0.0,0.0,0.0,,,0,
785025,NENAPU,PTP_Bengaluru,PHD_FC_BLR,Nenapu,"ATLAS DISTRIBUTORS PRIVATE LIMITED, 23RD MAIN, NO 10, 2ND CROSS, JP NAGAR 2ND PHASE, MARENAHALLI BANGALORE, Bengaluru Urban, Karnataka, 560078",Srihari M,12.90635952921499,77.59449955952292,1,Unclassified,0.0,0.0,0.0,0.0,0.0,0.0,0.0,0.0,0.0,0.0,0.0,0.0,0.0,,,0,
